1,mercaptopurine,C1=NC2=C(N1)C(=S)N=CN2,1
2,acetaminophen,CC(=O)NC1=CC=C(C=C1)O,1
3,azathioprine,CN1C=NC(=C1SC2=NC=NC3=C2NC=N3)[N+](=O)[O-],1
4,chlorpheniramine,CN(C)CCC(C1=CC=C(C=C1)Cl)C2=CC=CC=N2,0
5,clofibrate,CCOC(=O)C(C)(C)OC1=CC=C(C=C1)Cl,1
6,cyclophosphamide,C1CNP(=O)(OC1)N(CCCl)CCCl,1
7,dopamine,C1=CC(=C(C=C1CCN)O)O,0
8,estradiol,CC12CCC3C(C1CCC2O)CCC4=C3C=CC(=C4)O,1
9,fluoxetine,CNCCC(C1=CC=CC=C1)OC2=CC=C(C=C2)C(F)(F)F,1
10,gemfibrozil,CC1=CC(=C(C=C1)C)OCCCC(C)(C)C(=O)O,1
11,indomethacin,CC1=C(C2=C(N1C(=O)C3=CC=C(C=C3)Cl)C=CC(=C2)OC)CC(=O)O,1
12,ketoprofen,CC(C1=CC(=CC=C1)C(=O)C2=CC=CC=C2)C(=O)O,1
13,mannitol,C(C(C(C(C(CO)O)O)O)O)O,0
14,methotrexate,CN(CC1=CN=C2C(=N1)C(=NC(=N2)N)N)C3=CC=C(C=C3)C(=O)NC(CCC(=O)O)C(=O)O,1
15,phenobarbital,CCC1(C(=O)NC(=O)NC1=O)C2=CC=CC=C2,1
16,phenytoin,C1=CC=C(C=C1)C2(C(=O)NC(=O)N2)C3=CC=CC=C3,1
17,rifampin,CC1C=CC=C(C(=O)NC2=C(C(=C3C(=C2O)C(=C(C4=C3C(=O)C(O4)(OC=CC(C(C(C(C(C(C1O)C)O)C)OC(=O)C)C)OC)C)C)O)O)C=NN5CCN(CC5)C)C,1
18,tetracycline,CC1(C2CC3C(C(=O)C(=C(C3(C(=O)C2=C(C4=C1C=CC=C4O)O)O)O)C(=O)N)N(C)C)O,1
19,abacavir,C1CC1NC2=C3C(=NC(=N2)N)N(C=N3)C4CC(C=C4)CO,1
20,aciclovir,C1=NC2=C(N1COCCO)N=C(NC2=O)N,1
21,allopurinol,C1=NNC2=C1C(=O)NC=N2,1
22,amineptine,C1CC2=CC=CC=C2C(C3=CC=CC=C31)NCCCCCCC(=O)O,1
23,amiodarone,CCCCC1=C(C2=CC=CC=C2O1)C(=O)C3=CC(=C(C(=C3)I)OCCN(CC)CC)I,1
24,amitriptyline,CN(C)CCC=C1C2=CC=CC=C2CCC3=CC=CC=C31,1
25,amphotericin b,CC1C=CC=CC=CC=CC=CC=CC=CC(CC2C(C(CC(O2)(CC(CC(C(CCC(CC(CC(=O)OC(C(C1O)C)C)O)O)O)O)O)O)O)C(=O)O)OC3C(C(C(C(O3)C)O)N)O,1
26,ampicillin,CC1(C(N2C(S1)C(C2=O)NC(=O)C(C3=CC=CC=C3)N)C(=O)O)C,1
27,donepezil,COC1=C(C=C2C(=C1)CC(C2=O)CC3CCN(CC3)CC4=CC=CC=C4)OC,1
28,aspirin,CC(=O)OC1=CC=CC=C1C(=O)O,1
29,aminohippurate,C1=CC(=CC=C1C(=O)NCC(=O)O)N,0
30,bicalutamide,CC(CS(=O)(=O)C1=CC=C(C=C1)F)(C(=O)NC2=CC(=C(C=C2)C#N)C(F)(F)F)O,1
31,bupropion,CC(C(=O)C1=CC(=CC=C1)Cl)NC(C)(C)C,1
32,captopril,CC(CS)C(=O)N1CCCC1C(=O)O,1
33,carbamazepine,C1=CC=C2C(=C1)C=CC3=CC=CC=C3N2C(=O)N,1
34,carboplatin,C1CC(C1)(C(=O)O)C(=O)O.[NH2-].[NH2-].[Pt+2],1
35,ceftazidime,CC(C)(C(=O)O)ON=C(C1=CSC(=N1)N)C(=O)NC2C3N(C2=O)C(=C(CS3)C[N+]4=CC=CC=C4)C(=O)[O-],1
36,chlorcyclizine,CN1CCN(CC1)C(C2=CC=CC=C2)C3=CC=C(C=C3)Cl,1
37,chlorzoxazone,C1=CC2=C(C=C1Cl)NC(=O)O2,1
38,chlorpromazine,CN(C)CCCN1C2=CC=CC=C2SC3=C1C=C(C=C3)Cl,1
39,cisplatin,not found,1
40,dimercaprol,C(C(CS)S)O,0
41,colchicine,CC(=O)NC1CCC2=CC(=C(C(=C2C3=CC=C(C(=O)C=C13)OC)OC)OC)OC,0
42,corticotropin,CC(C)CC(C(=O)NC(CCC(=O)O)C(=O)NC(CC1=CC=CC=C1)C(=O)O)NC(=O)C2CCCN2C(=O)C(CC3=CC=CC=C3)NC(=O)C(C)NC(=O)C(CCC(=O)O)NC(=O)C(C)NC(=O)C(CO)NC(=O)C(CCC(=O)O)NC(=O)C(CC(=O)O)NC(=O)C(CCC(=O)O)NC(=O)C(C)NC(=O)CNC(=O)C(CC(=O)N)NC(=O)C4CCCN4C(=O)C(CC5=CC=C(C=C5)O)NC(=O)C(C(C)C)NC(=O)C(CCCCN)NC(=O)C(C(C)C)NC(=O)C6CCCN6C(=O)C(CCCNC(=N)N)NC(=O)C(CCCNC(=N)N)NC(=O)C(CCCCN)NC(=O)C(CCCCN)NC(=O)CNC(=O)C(C(C)C)NC(=O)C7CCCN7C(=O)C(CCCCN)NC(=O)CNC(=O)C(CC8=CNC9=CC=CC=C98)NC(=O)C(CCCNC(=N)N)NC(=O)C(CC1=CC=CC=C1)NC(=O)C(CC1=CN=CN1)NC(=O)C(CCC(=O)O)NC(=O)C(CCSC)NC(=O)C(CO)NC(=O)C(CC1=CC=C(C=C1)O)NC(=O)C(CO)N,0
43,dactinomycin,CC1C(C(=O)NC(C(=O)N2CCCC2C(=O)N(CC(=O)N(C(C(=O)O1)C(C)C)C)C)C(C)C)NC(=O)C3=C4C(=C(C=C3)C)OC5=C(C(=O)C(=C(C5=N4)C(=O)NC6C(OC(=O)C(N(C(=O)CN(C(=O)C7CCCN7C(=O)C(NC6=O)C(C)C)C)C)C(C)C)C)N)C,1
44,dantrolene,C1C(=O)NC(=O)N1N=CC2=CC=C(O2)C3=CC=C(C=C3)[N+](=O)[O-],1
45,demeclocycline,CN(C)C1C2CC3C(C4=C(C=CC(=C4C(=C3C(=O)C2(C(=C(C1=O)C(=O)N)O)O)O)O)Cl)O,0
46,propoxyphene,CCC(=O)OC(CC1=CC=CC=C1)(C2=CC=CC=C2)C(C)CN(C)C,1
47,diclofenac,C1=CC=C(C(=C1)CC(=O)O)NC2=C(C=CC=C2Cl)Cl,1
48,diflunisal,C1=CC(=C(C=C1C2=C(C=C(C=C2)F)F)C(=O)O)O,1
49,diphenhydramine,CN(C)CCOC(C1=CC=CC=C1)C2=CC=CC=C2,0
50,epirubicin,CC1C(C(CC(O1)OC2CC(CC3=C2C(=C4C(=C3O)C(=O)C5=C(C4=O)C(=CC=C5)OC)O)(C(=O)CO)O)N)O,0
51,erythromycin,CCC1C(C(C(C(=O)C(CC(C(C(C(C(C(=O)O1)C)OC2CC(C(C(O2)C)O)(C)OC)C)OC3C(C(CC(O3)C)N(C)C)O)(C)O)C)C)O)(C)O,1
52,etoposide,CC1OCC2C(O1)C(C(C(O2)OC3C4COC(=O)C4C(C5=CC6=C(C=C35)OCO6)C7=CC(=C(C(=C7)OC)O)OC)O)O,1
53,famotidine,C1=C(N=C(S1)N=C(N)N)CSCCC(=NS(=O)(=O)N)N,1
54,felbamate,C1=CC=C(C=C1)C(COC(=O)N)COC(=O)N,1
55,fenofibrate,CC(C)OC(=O)C(C)(C)OC1=CC=C(C=C1)C(=O)C2=CC=C(C=C2)Cl,1
56,fenoprofen,CC(C1=CC(=CC=C1)OC2=CC=CC=C2)C(=O)O,1
57,flutamide,CC(C)C(=O)NC1=CC(=C(C=C1)[N+](=O)[O-])C(F)(F)F,1
58,hydroxyurea,C(=O)(N)NO,1
59,imatinib,CC1=C(C=C(C=C1)NC(=O)C2=CC=C(C=C2)CN3CCN(CC3)C)NC4=NC=CC(=N4)C5=CN=CC=C5,1
60,imipramine,CN(C)CCCN1C2=CC=CC=C2CCC3=CC=CC=C31,1
61,iproniazid,CC(C)NNC(=O)C1=CC=NC=C1,1
62,ketoconazole,CC(=O)N1CCN(CC1)C2=CC=C(C=C2)OCC3COC(O3)(CN4C=CN=C4)C5=C(C=C(C=C5)Cl)Cl,1
63,labetalol,CC(CCC1=CC=CC=C1)NCC(C2=CC(=C(C=C2)O)C(=O)N)O,1
64,leflunomide,CC1=C(C=NO1)C(=O)NC2=CC=C(C=C2)C(F)(F)F,1
65,mefenamic acid,CC1=C(C(=CC=C1)NC2=CC=CC=C2C(=O)O)C,1
66,meloxicam,CC1=CN=C(S1)NC(=O)C2=C(C3=CC=CC=C3S(=O)(=O)N2C)O,1
67,metformin,CN(C)C(=N)N=C(N)N,1
68,methyldopa,CC(CC1=CC(=C(C=C1)O)O)(C(=O)O)N,1
69,nefazodone,CCC1=NN(C(=O)N1CCOC2=CC=CC=C2)CCCN3CCN(CC3)C4=CC(=CC=C4)Cl,1
70,nitrofurantoin,C1C(=O)NC(=O)N1N=CC2=CC=C(O2)[N+](=O)[O-],1
71,olsalazine,C1=CC(=C(C=C1N=NC2=CC(=C(C=C2)O)C(=O)O)C(=O)O)O,1
72,paroxetine,C1CNCC(C1C2=CC=C(C=C2)F)COC3=CC4=C(C=C3)OCO4,1
73,pentamidine,C1=CC(=CC=C1C(=N)N)OCCCCCOC2=CC=C(C=C2)C(=N)N,1
74,perhexiline,C1CCC(CC1)C(CC2CCCCN2)C3CCCCC3,1
75,physostigmine,CC12CCN(C1N(C3=C2C=C(C=C3)OC(=O)NC)C)C,0
76,pioglitazone,CCC1=CN=C(C=C1)CCOC2=CC=C(C=C2)CC3C(=O)NC(=O)S3,1
77,propylthiouracil,CCCC1=CC(=O)NC(=S)N1,1
78,pseudoephedrine,CC(C(C1=CC=CC=C1)O)NC,0
79,ranitidine,CNC(=C[N+](=O)[O-])NCCSCC1=CC=C(O1)CN(C)C,1
80,rifabutin,CC1C=CC=C(C(=O)N=C2C(=C3C(=C4C2=NC5(N4)CCN(CC5)CC(C)C)C6=C(C(=C3O)C)OC(C6=O)(OC=CC(C(C(C(C(C(C1O)C)O)C)OC(=O)C)C)OC)C)O)C,1
81,rosiglitazone,CN(CCOC1=CC=C(C=C1)CC2C(=O)NC(=O)S2)C3=CC=CC=N3,1
82,indocyanine green,CC1(C(=[N+](C2=C1C3=CC=CC=C3C=C2)CCCCS(=O)(=O)[O-])C=CC=CC=CC=C4C(C5=C(N4CCCCS(=O)(=O)[O-])C=CC6=CC=CC=C65)(C)C)C.[Na+],0
83,simvastatin,CCC(C)(C)C(=O)OC1CC(C=C2C1C(C(C=C2)C)CCC3CC(CC(=O)O3)O)C,1
84,spironolactone,CC(=O)SC1CC2=CC(=O)CCC2(C3C1C4CCC5(C4(CC3)C)CCC(=O)O5)C,1
85,stavudine,CC1=CN(C(=O)NC1=O)C2C=CC(O2)CO,1
86,streptomycin,CC1C(C(C(O1)OC2C(C(C(C(C2O)O)N=C(N)N)O)N=C(N)N)OC3C(C(C(C(O3)CO)O)O)NC)(C=O)O,0
87,sulfadiazine,C1=CN=C(N=C1)NS(=O)(=O)C2=CC=C(C=C2)N,1
88,sulfasalazine,C1=CC=NC(=C1)NS(=O)(=O)C2=CC=C(C=C2)N=NC3=CC(=C(C=C3)O)C(=O)O,1
89,sulindac,CC1=C(C2=C(C1=CC3=CC=C(C=C3)S(=O)C)C=CC(=C2)F)CC(=O)O,1
90,tamoxifen,CCC(=C(C1=CC=CC=C1)C2=CC=C(C=C2)OCCN(C)C)C3=CC=CC=C3,1
91,temozolomide,CN1C(=O)N2C=NC(=C2N=N1)C(=O)N,1
92,theophylline,CN1C2=C(C(=O)N(C1=O)C)NC=N2,0
93,tizanidine,C1CN=C(N1)NC2=C(C=CC3=NSN=C32)Cl,1
94,tolcapone,CC1=CC=C(C=C1)C(=O)C2=CC(=C(C(=C2)O)O)[N+](=O)[O-],1
95,valproic acid,CCCC(CCC)C(=O)O,1
96,vancomycin,CC1C(C(CC(O1)OC2C(C(C(OC2OC3=C4C=C5C=C3OC6=C(C=C(C=C6)C(C(C(=O)NC(C(=O)NC5C(=O)NC7C8=CC(=C(C=C8)O)C9=C(C=C(C=C9O)O)C(NC(=O)C(C(C1=CC(=C(O4)C=C1)Cl)O)NC7=O)C(=O)O)CC(=O)N)NC(=O)C(CC(C)C)NC)O)Cl)CO)O)O)(C)N)O,1
97,vitamin a,CC1=C(C(CCC1)(C)C)C=CC(=CC=CC(=CCO)C)C,1
98,zidovudine,CC1=CN(C(=O)NC1=O)C2CC(C(O2)CO)N=[N+]=[N-],1
99,zolpidem,CC1=CC=C(C=C1)C2=C(N3C=C(C=CC3=N2)C)CC(=O)N(C)C,0
100,zonisamide,C1=CC=C2C(=C1)C(=NO2)CS(=O)(=O)N,1
101,pyrazinamide,C1=CN=C(C=N1)C(=O)N,1
102,finasteride,CC12CCC3C(C1CCC2C(=O)NC(C)(C)C)CCC4C3(C=CC(=O)N4)C,1
103,troglitazone,CC1=C(C2=C(CCC(O2)(C)COC3=CC=C(C=C3)CC4C(=O)NC(=O)S4)C(=C1O)C)C,1
104,fluvastatin,CC(C)N1C2=CC=CC=C2C(=C1C=CC(CC(CC(=O)O)O)O)C3=CC=C(C=C3)F,1
105,glimepiride,CCC1=C(CN(C1=O)C(=O)NCCC2=CC=C(C=C2)S(=O)(=O)NC(=O)NC3CCC(CC3)C)C,1
106,venlafaxine,CN(C)CC(C1=CC=C(C=C1)OC)C2(CCCCC2)O,1
107,amlodipine,CCOC(=O)C1=C(NC(=C(C1C2=CC=CC=C2Cl)C(=O)OC)C)COCCN,1
108,vinblastine,CCC1(CC2CC(C3=C(CCN(C2)C1)C4=CC=CC=C4N3)(C5=C(C=C6C(=C5)C78CCN9C7C(C=CC9)(C(C(C8N6C)(C(=O)OC)O)OC(=O)C)CC)OC)C(=O)OC)O,0
109,ciprofloxacin,C1CC1N2C=C(C(=O)C3=CC(=C(C=C32)N4CCNCC4)F)C(=O)O,1
110,fluconazole,C1=CC(=C(C=C1F)F)C(CN2C=NC=N2)(CN3C=NC=N3)O,1
111,prednisone,CC12CC(=O)C3C(C1CCC2(C(=O)CO)O)CCC4=CC(=O)C=CC34C,1
112,lorazepam,C1=CC=C(C(=C1)C2=NC(C(=O)NC3=C2C=C(C=C3)Cl)O)Cl,0
113,itraconazole,CCC(C)N1C(=O)N(C=N1)C2=CC=C(C=C2)N3CCN(CC3)C4=CC=C(C=C4)OCC5COC(O5)(CN6C=NC=N6)C7=C(C=C(C=C7)Cl)Cl,1
114,raloxifene,C1CCN(CC1)CCOC2=CC=C(C=C2)C(=O)C3=C(SC4=C3C=CC(=C4)O)C5=CC=C(C=C5)O,0
115,mifepristone,CC#CC1(CCC2C1(CC(C3=C4CCC(=O)C=C4CCC23)C5=CC=C(C=C5)N(C)C)C)O,0
116,clomipramine,CN(C)CCCN1C2=CC=CC=C2CCC3=C1C=C(C=C3)Cl,1
117,pravastatin,CCC(C)C(=O)OC1CC(C=C2C1C(C(C=C2)C)CCC(CC(CC(=O)O)O)O)O,1
118,clarithromycin,CCC1C(C(C(C(=O)C(CC(C(C(C(C(C(=O)O1)C)OC2CC(C(C(O2)C)O)(C)OC)C)OC3C(C(CC(O3)C)N(C)C)O)(C)OC)C)C)O)(C)O,1
119,hydrocortisone,CC12CCC(=O)C=C1CCC3C2C(CC4(C3CCC4(C(=O)CO)O)C)O,0
120,progesterone,CC(=O)C1CCC2C1(CCC3C2CCC4=CC(=O)CCC34C)C,1
121,ergocalciferol,CC(C)C(C)C=CC(C)C1CCC2C1(CCCC2=CC=C3CC(CCC3=C)O)C,0
122,ibuprofen,CC(C)CC1=CC=C(C=C1)C(C)C(=O)O,1
123,isoproterenol,CC(C)NCC(C1=CC(=C(C=C1)O)O)O,0
124,ketorolac,C1CN2C(=CC=C2C(=O)C3=CC=CC=C3)C1C(=O)O,1
125,promethazine,CC(CN1C2=CC=CC=C2SC3=CC=CC=C31)N(C)C,1
126,omeprazole,CC1=CN=C(C(=C1OC)C)CS(=O)C2=NC3=C(N2)C=C(C=C3)OC,1
127,carvedilol,COC1=CC=CC=C1OCCNCC(COC2=CC=CC3=C2C4=CC=CC=C4N3)O,1
128,cytarabine,C1=CN(C(=O)N=C1N)C2C(C(C(O2)CO)O)O,1
129,pergolide,CCCN1CC(CC2C1CC3=CNC4=CC=CC2=C34)CSC,0
130,nisoldipine,CC1=C(C(C(=C(N1)C)C(=O)OCC(C)C)C2=CC=CC=C2[N+](=O)[O-])C(=O)OC,0
131,citalopram,CN(C)CCCC1(C2=C(CO1)C=C(C=C2)C#N)C3=CC=C(C=C3)F,1
132,methyltestosterone,CC12CCC(=O)C=C1CCC3C2CCC4(C3CCC4(C)O)C,1
133,testosterone,CC12CCC3C(C1CCC2O)CCC4=CC(=O)CCC34C,1
134,praziquantel,C1CCC(CC1)C(=O)N2CC3C4=CC=CC=C4CCN3C(=O)C2,0
135,ticlopidine,C1CN(CC2=C1SC=C2)CC3=CC=CC=C3Cl,1
136,diazepam,CN1C(=O)CN=C(C2=C1C=CC(=C2)Cl)C3=CC=CC=C3,0
137,clomiphene,CCN(CC)CCOC1=CC=C(C=C1)C(=C(C2=CC=CC=C2)Cl)C3=CC=CC=C3,1
138,isotretinoin,CC1=C(C(CCC1)(C)C)C=CC(=CC=CC(=CC(=O)O)C)C,1
139,oxymetholone,CC12CCC3C(C1CCC2(C)O)CCC4C3(CC(=CO)C(=O)C4)C,1
140,etodolac,CCC1=C2C(=CC=C1)C3=C(N2)C(OCC3)(CC)CC(=O)O,1
141,glipizide,CC1=CN=C(C=N1)C(=O)NCCC2=CC=C(C=C2)S(=O)(=O)NC(=O)NC3CCCCC3,1
142,pemoline,C1=CC=C(C=C1)C2C(=O)N=C(O2)N,1
143,clotrimazole,C1=CC=C(C=C1)C(C2=CC=CC=C2)(C3=CC=CC=C3Cl)N4C=CN=C4,1
144,celecoxib,CC1=CC=C(C=C1)C2=CC(=NN2C3=CC=C(C=C3)S(=O)(=O)N)C(F)(F)F,1
145,amoxapine,C1CN(CCN1)C2=NC3=CC=CC=C3OC4=C2C=C(C=C4)Cl,0
146,iothalamate sodium,CC(=O)NC1=C(C(=C(C(=C1I)C(=O)[O-])I)C(=O)NC)I.[Na+],0
147,atorvastatin,CC(C)C1=C(C(=C(N1CCC(CC(CC(=O)O)O)O)C2=CC=C(C=C2)F)C3=CC=CC=C3)C(=O)NC4=CC=CC=C4,1
148,olanzapine,CC1=CC2=C(S1)NC3=CC=CC=C3N=C2N4CCN(CC4)C,1
149,nevirapine,CC1=C2C(=NC=C1)N(C3=C(C=CC=N3)C(=O)N2)C4CC4,1
150,primidone,CCC1(C(=O)NCNC1=O)C2=CC=CC=C2,0
151,vinorelbine,CCC1=CC2CC(C3=C(CN(C2)C1)C4=CC=CC=C4N3)(C5=C(C=C6C(=C5)C78CCN9C7C(C=CC9)(C(C(C8N6C)(C(=O)OC)O)OC(=O)C)CC)OC)C(=O)OC,0
152,anastrozole,CC(C)(C#N)C1=CC(=CC(=C1)CN2C=NC=N2)C(C)(C)C#N,1
153,rabeprazole,CC1=C(C=CN=C1CS(=O)C2=NC3=CC=CC=C3N2)OCCCOC,1
154,azithromycin,CCC1C(C(C(N(CC(CC(C(C(C(C(C(=O)O1)C)OC2CC(C(C(O2)C)O)(C)OC)C)OC3C(C(CC(O3)C)N(C)C)O)(C)O)C)C)C)O)(C)O,1
155,tolazamide,CC1=CC=C(C=C1)S(=O)(=O)NC(=O)NN2CCCCCC2,1
156,quetiapine,C1CN(CCN1CCOCCO)C2=NC3=CC=CC=C3SC4=CC=CC=C42,1
157,famciclovir,CC(=O)OCC(CCN1C=NC2=CN=C(N=C21)N)COC(=O)C,0
158,atenolol,CC(C)NCC(COC1=CC=C(C=C1)CC(=O)N)O,1
159,benzbromarone,CCC1=C(C2=CC=CC=C2O1)C(=O)C3=CC(=C(C(=C3)Br)O)Br,1
160,bromocriptine,CC(C)CC1C(=O)N2CCCC2C3(N1C(=O)C(O3)(C(C)C)NC(=O)C4CN(C5CC6=C(NC7=CC=CC(=C67)C5=C4)Br)C)O,1
161,busulfan,CS(=O)(=O)OCCCCOS(=O)(=O)C,1
162,chlorambucil,C1=CC(=CC=C1CCCC(=O)O)N(CCCl)CCCl,1
163,clozapine,CN1CCN(CC1)C2=NC3=C(C=CC(=C3)Cl)NC4=CC=CC=C42,1
164,dacarbazine,CN(C)N=NC1=C(NC=N1)C(=O)N,1
165,dapsone,C1=CC(=CC=C1N)S(=O)(=O)C2=CC=C(C=C2)N,1
166,digoxin,CC1C(C(CC(O1)OC2C(OC(CC2O)OC3C(OC(CC3O)OC4CCC5(C(C4)CCC6C5CC(C7(C6(CCC7C8=CC(=O)OC8)O)C)O)C)C)C)O)O,0
167,disulfiram,CCN(CC)C(=S)SSC(=S)N(CC)CC,1
168,enalapril,CCOC(=O)C(CCC1=CC=CC=C1)NC(C)C(=O)N2CCCC2C(=O)O,1
169,furosemide,C1=COC(=C1)CNC2=CC(=C(C=C2C(=O)O)S(=O)(=O)N)Cl,0
170,gabapentin,C1CCC(CC1)(CC(=O)O)CN,1
171,glibenclamide,COC1=C(C=C(C=C1)Cl)C(=O)NCCC2=CC=C(C=C2)S(=O)(=O)NC(=O)NC3CCCCC3,1
172,isoniazid,C1=CN=CC=C1C(=O)NN,1
173,lansoprazole,CC1=C(C=CN=C1CS(=O)C2=NC3=CC=CC=C3N2)OCC(F)(F)F,1
174,mebendazole,COC(=O)NC1=NC2=C(N1)C=C(C=C2)C(=O)C3=CC=CC=C3,1
175,metoprolol,CC(C)NCC(COC1=CC=C(C=C1)CCOC)O,1
176,naltrexone,C1CC1CN2CCC34C5C(=O)CCC3(C2CC6=C4C(=C(C=C6)O)O5)O,0
177,niacin,C1=CC(=CN=C1)C(=O)O,1
178,nifedipine,CC1=C(C(C(=C(N1)C)C(=O)OC)C2=CC=CC=C2[N+](=O)[O-])C(=O)OC,1
179,nimesulide,CS(=O)(=O)NC1=C(C=C(C=C1)[N+](=O)[O-])OC2=CC=CC=C2,1
180,nizatidine,CNC(=C[N+](=O)[O-])NCCSCC1=CSC(=N1)CN(C)C,1
181,dextrose,C(C1C(C(C(C(O1)O)O)O)O)O.O,0
182,cholestyramine,CCC1=CC=C(C=C1)C(C)CCC2=CC=C(C=C2)[N+](C)(C)C,0
183,sodium lactate,CC(C(=O)[O-])O.[Na+],0
184,verapamil,CC(C)C(CCCN(C)CCC1=CC(=C(C=C1)OC)OC)(C#N)C2=CC(=C(C=C2)OC)OC,1
185,doxorubicin,CC1C(C(CC(O1)OC2CC(CC3=C2C(=C4C(=C3O)C(=O)C5=C(C4=O)C(=CC=C5)OC)O)(C(=O)CO)O)N)O,1
186,clorazepate,C1=CC=C(C=C1)C2=NC(C(=O)NC3=C2C=C(C=C3)Cl)C(=O)O,0
187,protirelin,C1CC(N(C1)C(=O)C(CC2=CN=CN2)NC(=O)C3CCC(=O)N3)C(=O)N,0
188,sincalide,CSCCC(C(=O)NCC(=O)NC(CC1=CNC2=CC=CC=C21)C(=O)NC(CCSC)C(=O)NC(CC(=O)O)C(=O)NC(CC3=CC=CC=C3)C(=O)N)NC(=O)C(CC4=CC=C(C=C4)OS(=O)(=O)O)NC(=O)C(CC(=O)O)N,0
189,secretin,CC(C)CC(C(=O)NC(C(C)C)C(=O)O)NC(=O)CNC(=O)C(CCC(=O)N)NC(=O)C(CC(C)C)NC(=O)C(CC(C)C)NC(=O)C(CCCNC(=N)N)NC(=O)C(CCC(=O)N)NC(=O)C(CC(C)C)NC(=O)C(CCCNC(=N)N)NC(=O)C(C)NC(=O)C(CO)NC(=O)C(CC(=O)O)NC(=O)C(CCCNC(=N)N)NC(=O)C(CC(C)C)NC(=O)C(CCCNC(=N)N)NC(=O)C(CO)NC(=O)C(CC(C)C)NC(=O)C(CCC(=O)O)NC(=O)C(CO)NC(=O)C(C(C)O)NC(=O)C(CC1=CC=CC=C1)NC(=O)C(C(C)O)NC(=O)CNC(=O)C(CC(=O)O)NC(=O)C(CO)NC(=O)C(CC2=NC=CN2)N,0
190,sucralfate,C(C1C(C(C(C(O1)OC2(C(C(C(O2)COS(=O)(=O)O[Al])OS(=O)(=O)O[Al])OS(=O)(=O)O[Al])COS(=O)(=O)O[Al])OS(=O)(=O)O[Al])OS(=O)(=O)O[Al])OS(=O)(=O)O[Al])OS(=O)(=O)O[Al].O.O.O.O.O.O.O.O.O.O.O.O.O.O.O.O.O.O.O.O.[Al],0
191,cupric chloride,Cl[Cu]Cl,0
192,trientine hydrochloride,C(CNCCNCCN)N.Cl.Cl,0
193,chlorpropamide,CCCNC(=O)NS(=O)(=O)C1=CC=C(C=C1)Cl,1
194,cyclosporine,CCC1C(=O)N(CC(=O)N(C(C(=O)NC(C(=O)N(C(C(=O)NC(C(=O)NC(C(=O)N(C(C(=O)N(C(C(=O)N(C(C(=O)N(C(C(=O)N1)C(C(C)CC=CC)O)C)C(C)C)C)CC(C)C)C)CC(C)C)C)C)C)CC(C)C)C)C(C)C)CC(C)C)C)C,1
195,decitabine,C1C(C(OC1N2C=NC(=NC2=O)N)CO)O,0
196,deferoxamine,CC(=O)N(CCCCCNC(=O)CCC(=O)N(CCCCCNC(=O)CCC(=O)N(CCCCCN)O)O)O,1
197,doxycycline,CC1C2C(C3C(C(=O)C(=C(C3(C(=O)C2=C(C4=C1C=CC=C4O)O)O)O)C(=O)N)N(C)C)O,1
198,exemestane,CC12CCC3C(C1CCC2=O)CC(=C)C4=CC(=O)C=CC34C,1
199,felodipine,CCOC(=O)C1=C(NC(=C(C1C2=C(C(=CC=C2)Cl)Cl)C(=O)OC)C)C,1
200,fludrocortisone,CC12CCC(=O)C=C1CCC3C2(C(CC4(C3CCC4(C(=O)CO)O)C)O)F,0
201,fluphenazine,C1CN(CCN1CCCN2C3=CC=CC=C3SC4=C2C=C(C=C4)C(F)(F)F)CCO,0
202,gefitinib,COC1=C(C=C2C(=C1)N=CN=C2NC3=CC(=C(C=C3)F)Cl)OCCCN4CCOCC4,1
203,haloperidol,C1CN(CCC1(C2=CC=C(C=C2)Cl)O)CCCC(=O)C3=CC=C(C=C3)F,1
204,mesalazine,C1=CC(=C(C=C1N)C(=O)O)O,1
205,minocycline,CN(C)C1C2CC3CC4=C(C=CC(=C4C(=C3C(=O)C2(C(=C(C1=O)C(=O)N)O)O)O)O)N(C)C,1
206,ioversol,C(CO)N(C1=C(C(=C(C(=C1I)C(=O)NCC(CO)O)I)C(=O)NCC(CO)O)I)C(=O)CO,0
207,oxaprozin,C1=CC=C(C=C1)C2=C(OC(=N2)CCC(=O)O)C3=CC=CC=C3,1
208,paclitaxel,CC1=C2C(C(=O)C3(C(CC4C(C3C(C(C2(C)C)(CC1OC(=O)C(C(C5=CC=CC=C5)NC(=O)C6=CC=CC=C6)O)O)OC(=O)C7=CC=CC=C7)(CO4)OC(=O)C)O)C)OC(=O)C,1
209,phentolamine,CC1=CC=C(C=C1)N(CC2=NCCN2)C3=CC(=CC=C3)O,0
210,prazosin,COC1=C(C=C2C(=C1)C(=NC(=N2)N3CCN(CC3)C(=O)C4=CC=CO4)N)OC,0
211,prochlorperazine,CN1CCN(CC1)CCCN2C3=CC=CC=C3SC4=C2C=C(C=C4)Cl,1
212,corticorelin ovine triflutate,CCC(C)C(C(=O)NC(CO)C(=O)NC(CC(C)C)C(=O)NC(CC(=O)O)C(=O)NC(CC(C)C)C(=O)NC(C(C)O)C(=O)NC(CC1=CC=CC=C1)C(=O)NC(CC2=CN=CN2)C(=O)NC(CC(C)C)C(=O)NC(CC(C)C)C(=O)NC(CCCNC(=N)N)C(=O)NC(CCC(=O)O)C(=O)NC(C(C)C)C(=O)NC(CC(C)C)C(=O)NC(CCC(=O)O)C(=O)NC(CCSC)C(=O)NC(C(C)O)C(=O)NC(CCCCN)C(=O)NC(C)C(=O)NC(CC(=O)O)C(=O)NC(CCC(=O)N)C(=O)NC(CC(C)C)C(=O)NC(C)C(=O)NC(CCC(=O)N)C(=O)NC(CCC(=O)N)C(=O)NC(C)C(=O)NC(CC3=CN=CN3)C(=O)NC(CO)C(=O)NC(CC(=O)N)C(=O)NC(CCCNC(=N)N)C(=O)NC(CCCCN)C(=O)NC(CC(C)C)C(=O)NC(CC(C)C)C(=O)NC(CC(=O)O)C(=O)NC(C(C)CC)C(=O)NC(C)C(=O)N)NC(=O)C4CCCN4C(=O)C5CCCN5C(=O)C(CCC(=O)O)NC(=O)C(CCC(=O)N)NC(=O)C(CO)N.C(=O)(C(F)(F)F)O,0
213,sodium thiosulfate,[O-]S(=O)(=S)[O-].[Na+].[Na+],0
214,sirolimus,CC1CCC2CC(C(=CC=CC=CC(CC(C(=O)C(C(C(=CC(C(=O)CC(OC(=O)C3CCCCN3C(=O)C(=O)C1(O2)O)C(C)CC4CCC(C(C4)OC)O)C)C)O)OC)C)C)C)OC,1
215,tacrolimus,CC1CC(C2C(CC(C(O2)(C(=O)C(=O)N3CCCCC3C(=O)OC(C(C(CC(=O)C(C=C(C1)C)CC=C)O)C)C(=CC4CCC(C(C4)OC)O)C)O)C)OC)OC,1
216,thalidomide,C1CC(=O)NC(=O)C1N2C(=O)C3=CC=CC=C3C2=O,1
217,thioridazine,CN1CCCCC1CCN2C3=CC=CC=C3SC4=C2C=C(C=C4)SC,1
218,thioguanine,C1=NC2=C(N1)C(=S)N=C(N2)N,1
219,tolbutamide,CCCCNC(=O)NS(=O)(=O)C1=CC=C(C=C1)C,0
220,topiramate,CC1(OC2COC3(C(C2O1)OC(O3)(C)C)COS(=O)(=O)N)C,1
221,trifluoperazine,CN1CCN(CC1)CCCN2C3=CC=CC=C3SC4=C2C=C(C=C4)C(F)(F)F,0
222,triptorelin pamoate,CC(C)CC(C(=O)NC(CCCN=C(N)N)C(=O)N1CCCC1C(=O)NCC(=O)N)NC(=O)C(CC2=CNC3=CC=CC=C32)NC(=O)C(CC4=CC=C(C=C4)O)NC(=O)C(CO)NC(=O)C(CC5=CNC6=CC=CC=C65)NC(=O)C(CC7=CN=CN7)NC(=O)C8CCC(=O)N8.C1=CC=C2C(=C1)C=C(C(=C2CC3=C(C(=CC4=CC=CC=C43)C(=O)O)O)O)C(=O)O,1
223,alatrofloxacin mesylate,CC(C(=O)NC(C)C(=O)NC1C2C1CN(C2)C3=C(C=C4C(=O)C(=CN(C4=N3)C5=C(C=C(C=C5)F)F)C(=O)O)F)N.CS(=O)(=O)O,1
224,vorinostat,C1=CC=C(C=C1)NC(=O)CCCCCCC(=O)NO,0
225,nesiritide,CCC(C)C1C(=O)NC(C(=O)NC(C(=O)NC(C(=O)NC(C(=O)NCC(=O)NC(C(=O)NCC(=O)NC(CSSCC(C(=O)NC(C(=O)NCC(=O)NC(C(=O)NC(C(=O)NC(C(=O)NC(C(=O)NC(C(=O)N1)CCCNC(=N)N)CC(=O)O)CCSC)CCCCN)CCCNC(=N)N)CC2=CC=CC=C2)NC(=O)CNC(=O)C(CO)NC(=O)CNC(=O)C(CCC(=O)N)NC(=O)C(C(C)C)NC(=O)C(CCSC)NC(=O)C(CCCCN)NC(=O)C3CCCN3C(=O)C(CO)N)C(=O)NC(CCCCN)C(=O)NC(C(C)C)C(=O)NC(CC(C)C)C(=O)NC(CCCNC(=N)N)C(=O)NC(CCCNC(=N)N)C(=O)NC(CC4=CNC=N4)C(=O)O)CC(C)C)CO)CO)CO)CO,0
226,ganirelix acetate,CCNC(=NCCCCC(C(=O)NC(CC(C)C)C(=O)NC(CCCCN=C(NCC)NCC)C(=O)N1CCCC1C(=O)NC(C)C(=O)N)NC(=O)C(CC2=CC=C(C=C2)O)NC(=O)C(CO)NC(=O)C(CC3=CN=CC=C3)NC(=O)C(CC4=CC=C(C=C4)Cl)NC(=O)C(CC5=CC6=CC=CC=C6C=C5)NC(=O)C)NCC.CC(=O)O.CC(=O)O,0
227,gemtuzumab ozogamicin,not found,1
228,methylprednisolone,CC1CC2C3CCC(C3(CC(C2C4(C1=CC(=O)C=C4)C)O)C)(C(=O)CO)O,1
229,gamma hydroxybutyric acid,C(CC(=O)O)CO,0
230,tegaserod,CCCCCN=C(N)NN=CC1=CNC2=C1C=C(C=C2)OC,0
231,penicillamine,CC(C)(C(C(=O)O)N)S,1
232,pramlintide,CCC(C)C(C(=O)NC(CC(C)C)C(=O)N1CCCC1C(=O)N2CCCC2C(=O)NC(C(C)O)C(=O)NC(CC(=O)N)C(=O)NC(C(C)C)C(=O)NCC(=O)NC(CO)C(=O)NC(CC(=O)N)C(=O)NC(C(C)O)C(=O)NC(CC3=CC=C(C=C3)O)C(=O)N)NC(=O)C4CCCN4C(=O)CNC(=O)C(CC5=CC=CC=C5)NC(=O)C(CC(=O)N)NC(=O)C(CC(=O)N)NC(=O)C(CO)NC(=O)C(CO)NC(=O)C(CC6=CNC=N6)NC(=O)C(C(C)C)NC(=O)C(CC(C)C)NC(=O)C(CC7=CC=CC=C7)NC(=O)C(CC(=O)N)NC(=O)C(C)NC(=O)C(CC(C)C)NC(=O)C(CCCNC(=N)N)NC(=O)C(CCC(=O)N)NC(=O)C(C(C)O)NC(=O)C(C)NC(=O)C8CSSCC(C(=O)NC(C(=O)NC(C(=O)NC(C(=O)NC(C(=O)N8)C(C)O)C)C(C)O)CC(=O)N)NC(=O)C(CCCCN)N,0
233,lanthanum carbonate,C(=O)([O-])[O-].C(=O)([O-])[O-].C(=O)([O-])[O-].[La+3].[La+3],0
234,acetazolamide,CC(=O)NC1=NN=C(S1)S(=O)(=O)N,1
235,albendazole,CCCSC1=CC2=C(C=C1)N=C(N2)NC(=O)OC,1
236,alprazolam,CC1=NN=C2N1C3=C(C=C(C=C3)Cl)C(=NC2)C4=CC=CC=C4,1
237,altretamine,CN(C)C1=NC(=NC(=N1)N(C)C)N(C)C,0
238,amantadine,C1C2CC3CC1CC(C2)(C3)N,0
239,4-aminosalicylic acid,C1=CC(=C(C=C1N)O)C(=O)O,1
240,amoxicillin,CC1(C(N2C(S1)C(C2=O)NC(=O)C(C3=CC=C(C=C3)O)N)C(=O)O)C,1
241,atropine,CN1C2CCC1CC(C2)OC(=O)C(CO)C3=CC=CC=C3,0
242,benoxaprofen,CC(C1=CC2=C(C=C1)OC(=N2)C3=CC=C(C=C3)Cl)C(=O)O,1
243,emtricitabine,C1C(OC(S1)CO)N2C=C(C(=NC2=O)N)F,0
244,trospium,C1CC[N+]2(C1)C3CCC2CC(C3)OC(=O)C(C4=CC=CC=C4)(C5=CC=CC=C5)O,0
245,bromfenac,C1=CC(=C(C(=C1)C(=O)C2=CC=C(C=C2)Br)N)CC(=O)O,1
246,gadofosveset trisodium,C1CC(CCC1OP(=O)([O-])OCC(CN(CCN(CC(=O)[O-])CC(=O)[O-])CC(=O)[O-])N(CC(=O)[O-])CC(=O)[O-])(C2=CC=CC=C2)C3=CC=CC=C3.O.[Na+].[Na+].[Na+].[Gd+3],0
247,clonazepam,C1C(=O)NC2=C(C=C(C=C2)[N+](=O)[O-])C(=N1)C3=CC=CC=C3Cl,1
248,exenatide,CCC(C)C(C(=O)NC(CCC(=O)O)C(=O)NC(CC1=CNC2=CC=CC=C21)C(=O)NC(CC(C)C)C(=O)NC(CCCCN)C(=O)NC(CC(=O)N)C(=O)NCC(=O)NCC(=O)N3CCCC3C(=O)NC(CO)C(=O)NC(CO)C(=O)NCC(=O)NC(C)C(=O)N4CCCC4C(=O)N5CCCC5C(=O)N6CCCC6C(=O)NC(CO)C(=O)N)NC(=O)C(CC7=CC=CC=C7)NC(=O)C(CC(C)C)NC(=O)C(CCCNC(=N)N)NC(=O)C(C(C)C)NC(=O)C(C)NC(=O)C(CCC(=O)O)NC(=O)C(CCC(=O)O)NC(=O)C(CCC(=O)O)NC(=O)C(CCSC)NC(=O)C(CCC(=O)N)NC(=O)C(CCCCN)NC(=O)C(CO)NC(=O)C(CC(C)C)NC(=O)C(CC(=O)O)NC(=O)C(CO)NC(=O)C(C(C)O)NC(=O)C(CC8=CC=CC=C8)NC(=O)C(C(C)O)NC(=O)CNC(=O)C(CCC(=O)O)NC(=O)CNC(=O)C(CC9=CNC=N9)N,0
249,entecavir,C=C1C(CC(C1CO)O)N2C=NC3=C2N=C(NC3=O)N,0
250,danazol,CC12CCC3C(C1CCC2(C#C)O)CCC4=CC5=C(CC34C)C=NO5,1
251,daunorubicin,CC1C(C(CC(O1)OC2CC(CC3=C2C(=C4C(=C3O)C(=O)C5=C(C4=O)C(=CC=C5)OC)O)(C(=O)C)O)N)O,0
252,dimenhydrinate,CN1C2=C(C(=O)N(C1=O)C)NC(=N2)Cl.CN(C)CCOC(C1=CC=CC=C1)C2=CC=CC=C2,0
253,doxapram,CCN1CC(C(C1=O)(C2=CC=CC=C2)C3=CC=CC=C3)CCN4CCOCC4,0
254,febuxostat,CC1=C(SC(=N1)C2=CC(=C(C=C2)OCC(C)C)C#N)C(=O)O,1
255,granisetron,CN1C2CCCC1CC(C2)NC(=O)C3=NN(C4=CC=CC=C43)C,0
256,griseofulvin,CC1CC(=O)C=C(C12C(=O)C3=C(O2)C(=C(C=C3OC)OC)Cl)OC,1
257,hydralazine,C1=CC=C2C(=C1)C=NN=C2NN,1
258,ibufenac,CC(C)CC1=CC=C(C=C1)CC(=O)O,1
259,ifosfamide,C1CN(P(=O)(OC1)NCCCl)CCCl,1
260,deferasirox,C1=CC=C(C(=C1)C2=NN(C(=N2)C3=CC=CC=C3O)C4=CC=C(C=C4)C(=O)O)O,1
261,sunitinib,CCN(CC)CCNC(=O)C1=C(NC(=C1C)C=C2C3=C(C=CC(=C3)F)NC2=O)C,1
262,ivermectin,CCC(C)C1C(CCC2(O1)CC3CC(O2)CC=C(C(C(C=CC=C4COC5C4(C(C=C(C5O)C)C(=O)O3)O)C)OC6CC(C(C(O6)C)OC7CC(C(C(O7)C)O)OC)OC)C)C,1
263,lamivudine,C1C(OC(S1)CO)N2C=CC(=NC2=O)N,1
264,methylnaltrexone bromide,C[N+]1(CCC23C4C(=O)CCC2(C1CC5=C3C(=C(C=C5)O)O4)O)CC6CC6.[Br-],0
265,letrozole,C1=CC(=CC=C1C#N)C(C2=CC=C(C=C2)C#N)N3C=NC=N3,1
266,desvenlafaxine,CN(C)CC(C1=CC=C(C=C1)O)C2(CCCCC2)O,1
267,lomefloxacin,CCN1C=C(C(=O)C2=CC(=C(C(=C21)F)N3CCNC(C3)C)F)C(=O)O,0
268,lomustine,C1CCC(CC1)NC(=O)N(CCCl)N=O,1
269,lovastatin,CCC(C)C(=O)OC1CC(C=C2C1C(C(C=C2)C)CCC3CC(CC(=O)O3)O)C,1
270,telbivudine,CC1=CN(C(=O)NC1=O)C2CC(C(O2)CO)O,0
271,methimazole,CN1C=CNC1=S,1
272,methocarbamol,COC1=CC=CC=C1OCC(COC(=O)N)O,0
273,metronidazole,CC1=NC=C(N1CCO)[N+](=O)[O-],1
274,minoxidil,C1CCN(CC1)C2=NC(=N)N(C(=C2)N)O,0
275,mitomycin,CC1=C(C(=O)C2=C(C1=O)N3CC4C(C3(C2COC(=O)N)OC)N4)N,1
276,modafinil,C1=CC=C(C=C1)C(C2=CC=CC=C2)S(=O)CC(=O)N,1
277,fesoterodine,CC(C)C(=O)OC1=C(C=C(C=C1)CO)C(CCN(C(C)C)C(C)C)C2=CC=CC=C2,0
278,naloxone,C=CCN1CCC23C4C(=O)CCC2(C1CC5=C3C(=C(C=C5)O)O4)O,0
279,naproxen,CC(C1=CC2=C(C=C1)C=C(C=C2)OC)C(=O)O,1
280,nateglinide,CC(C)C1CCC(CC1)C(=O)NC(CC2=CC=CC=C2)C(=O)O,0
281,neomycin,C1C(C(C(C(C1N)OC2C(C(C(C(O2)CN)O)O)N)OC3C(C(C(O3)CO)OC4C(C(C(C(O4)CN)O)O)N)O)O)N,0
282,levocetirizine dihydrochloride,C1CN(CCN1CCOCC(=O)O)C(C2=CC=CC=C2)C3=CC=C(C=C3)Cl.Cl.Cl,1
283,nystatin,CC1C=CC=CCCC=CC=CC=CC=CC(CC2C(C(CC(O2)(CC(C(CCC(CC(CC(CC(=O)OC(C(C1O)C)C)O)O)O)O)O)O)O)C(=O)O)OC3C(C(C(C(O3)C)O)N)O,0
284,oxytetracycline,CC1(C2C(C3C(C(=O)C(=C(C3(C(=O)C2=C(C4=C1C=CC=C4O)O)O)O)C(=O)N)N(C)C)O)O,0
285,pantoprazole,COC1=C(C(=NC=C1)CS(=O)C2=NC3=C(N2)C=C(C=C3)OC(F)F)OC,1
286,prednisolone,CC12CC(C3C(C1CCC2(C(=O)CO)O)CCC4=CC(=O)C=CC34C)O,1
287,primaquine,CC(CCCN)NC1=C2C(=CC(=C1)OC)C=CC=N2,0
288,procarbazine,CC(C)NC(=O)C1=CC=C(C=C1)CNNC,1
289,ambrisentan,CC1=CC(=NC(=N1)OC(C(=O)O)C(C2=CC=CC=C2)(C3=CC=CC=C3)OC)C,0
290,secobarbital,CCCC(C)C1(C(=O)NC(=O)NC1=O)CC=C,0
291,sertraline,CNC1CCC(C2=CC=CC=C12)C3=CC(=C(C=C3)Cl)Cl,1
292,sotalol,CC(C)NCC(C1=CC=C(C=C1)NS(=O)(=O)C)O,0
293,sulfathiazole,C1=CC(=CC=C1N)S(=O)(=O)NC2=NC=CS2,1
294,terbinafine,CC(C)(C)C#CC=CCN(C)CC1=CC=CC2=CC=CC=C21,1
295,thiabendazole,C1=CC=C2C(=C1)NC(=N2)C3=CSC=N3,1
296,ticrynafen,C1=CSC(=C1)C(=O)C2=C(C(=C(C=C2)OCC(=O)O)Cl)Cl,1
297,tinidazole,CCS(=O)(=O)CCN1C(=NC=C1[N+](=O)[O-])C,1
298,maraviroc,CC1=NN=C(N1C2CC3CCC(C2)N3CCC(C4=CC=CC=C4)NC(=O)C5CCC(CC5)(F)F)C(C)C,1
299,raltegravir,CC1=NN=C(O1)C(=O)NC(C)(C)C2=NC(=C(C(=O)N2C)O)C(=O)NCC3=CC=C(C=C3)F,1
300,clevidipine,CCCC(=O)OCOC(=O)C1=C(NC(=C(C1C2=C(C(=CC=C2)Cl)Cl)C(=O)OC)C)C,0
301,trovafloxacin,C1C2C(C2N)CN1C3=C(C=C4C(=O)C(=CN(C4=N3)C5=C(C=C(C=C5)F)F)C(=O)O)F,1
302,regadenoson,CNC(=O)C1=CN(N=C1)C2=NC(=C3C(=N2)N(C=N3)C4C(C(C(O4)CO)O)O)N,0
303,warfarin,CC(=O)CC(C1=CC=CC=C1)C2=C(C3=CC=CC=C3OC2=O)O,1
304,zaleplon,CCN(C1=CC=CC(=C1)C2=CC=NC3=C(C=NN23)C#N)C(=O)C,0
305,zileuton,CC(C1=CC2=CC=CC=C2S1)N(C(=O)N)O,1
306,ferumoxytol,not found,0
307,etravirine,CC1=CC(=CC(=C1OC2=NC(=NC(=C2Br)N)NC3=CC=C(C=C3)C#N)C)C#N,1
308,silodosin,CC(CC1=CC2=C(C(=C1)C(=O)N)N(CC2)CCCO)NCCOC3=CC=CC=C3OCC(F)(F)F,0
309,fospropofol,CC(C)C1=C(C(=CC=C1)C(C)C)OCOP(=O)(O)O,1
310,bendamustine,CN1C2=C(C=C(C=C2)N(CCCl)CCCl)N=C1CCCC(=O)O,0
311,tolvaptan,CC1=CC=CC=C1C(=O)NC2=CC(=C(C=C2)C(=O)N3CCCC(C4=C3C=CC(=C4)Cl)O)C,1
312,eltrombopag olamine,CC1=C(C=C(C=C1)N2C(=O)C(=C(N2)C)N=NC3=CC=CC(=C3O)C4=CC(=CC=C4)C(=O)O)C.C(CO)N.C(CO)N,1
313,tapentadol,CCC(C1=CC(=CC=C1)O)C(C)CN(C)C,0
314,prasugrel hydrochloride,CC(=O)OC1=CC2=C(S1)CCN(C2)C(C3=CC=CC=C3F)C(=O)C4CC4.Cl,1
315,saxagliptin,C1C2CC2N(C1C#N)C(=O)C(C34CC5CC(C3)CC(C5)(C4)O)N,0
316,romidepsin,CC=C1C(=O)NC(C(=O)OC2CC(=O)NC(C(=O)NC(CSSCCC=C2)C(=O)N1)C(C)C)C(C)C,0
317,dronedarone,CCCCC1=C(C2=C(O1)C=CC(=C2)NS(=O)(=O)C)C(=O)C3=CC=C(C=C3)OCCCN(CCCC)CCCC,1
318,pazopanib,CC1=C(C=C(C=C1)NC2=NC=CC(=N2)N(C)C3=CC4=NN(C(=C4C=C3)C)C)S(=O)(=O)N,1
319,pancrelipase,not found,0
320,dexchlorpheniramine,CN(C)CCC(C1=CC=C(C=C1)Cl)C2=CC=CC=N2,0
321,ecallantide,CCC(C)C1C(=O)NC(C(=O)NCC(=O)NCC(=O)NC2CSSCC3C(=O)NC(C(=O)NC(C(=O)NC(C(=O)NC(C(=O)N4CCCC4C(=O)NC(C(=O)NC(C(=O)NC(C(=O)NC(C(=O)NC(C(=O)NC(C(=O)NC(C(=O)NC(C(=O)NC(C(=O)NC(C(=O)NC(CSSCC(C(=O)NC(C(=O)NC(C(=O)NC(C(=O)NC(CSSCC(C(=O)NC(C(=O)NC(C(=O)NC(C(=O)NC(C(=O)NC(C(=O)NC(C(=O)NCC(=O)N5CCCC5C(=O)N3)CC(=O)O)CC(=O)O)C)CCCCN)CC6=CC=CC=C6)C)NC(=O)C(CC7=CC=CC=C7)NC(=O)C(CO)NC(=O)C(CC8=CN=CN8)NC(=O)C(CCSC)NC(=O)C(C)NC(=O)C(CCC(=O)O)N)C(=O)NC(C(C)O)C(=O)NC(CCCNC(=N)N)C(=O)NC(CC(=O)O)C(=O)O)CCSC)CCCCN)CCCCN)NC(=O)C(NC(=O)C(NC(=O)C(NC(=O)C(NC(=O)C(NC(=O)C(NC(=O)C(NC(=O)C(NC(=O)C(NC(=O)C(NC(=O)CNC(=O)C(NC2=O)CCC(=O)O)CC(=O)N)CCC(=O)N)CC(=O)N)CCCNC(=N)N)CC9=CC=CC=C9)CCC(=O)O)CO)CC(C)C)CCC(=O)O)CCC(=O)O)C(=O)NC(C(=O)NC(C(=O)NC(C(=O)N1)CC1=CC=CC=C1)CCC(=O)O)CCC(=O)O)CCC(=O)N)CCCNC(=N)N)C(C)O)CC1=CC=CC=C1)C(C)CC)CC(=O)N)CC1=CC=CC=C1)CC1=CC=CC=C1)CC1=CNC2=CC=CC=C21)CCCNC(=N)N)CC1=CN=CN1)C)C)CCCNC(=N)N)CC1=CC=C(C=C1)O,0
322,divalproex sodium,CCCC(CCC)C(=O)O.CCCC(CCC)C(=O)[O-].[Na+],1
323,lumiracoxib,CC1=CC(=C(C=C1)NC2=C(C=CC=C2Cl)F)CC(=O)O,1
324,tasosartan,CC1=C2CCC(=O)N(C2=NC(=N1)C)CC3=CC=C(C=C3)C4=CC=CC=C4C5=NNN=N5,1
325,oxyphenisatin,C1=CC=C2C(=C1)C(C(=O)N2)(C3=CC=C(C=C3)O)C4=CC=C(C=C4)O,1
326,tilbroquinol,CC1=CC(=C(C2=C1C=CC=N2)O)Br,1
327,alclofenac,C=CCOC1=C(C=C(C=C1)CC(=O)O)Cl,1
328,aplaviroc ,CCCCN1C(=O)C(NC(=O)C12CCN(CC2)CC3=CC=C(C=C3)OC4=CC=C(C=C4)C(=O)O)C(C5CCCCC5)O,1
329,clomacran,CN(C)CCCC1C2=CC=CC=C2NC3=C1C=C(C=C3)Cl,1
330,dermatan,not found,1
331,isaxonine,CC(C)NC1=NC=CC=N1,1
332,pipamazine,C1CN(CCC1C(=O)N)CCCN2C3=CC=CC=C3SC4=C2C=C(C=C4)Cl,1
333,pralnacasan ,CCOC1C(CC(=O)O1)NC(=O)C2CCCN3N2C(=O)C(CCC3=O)NC(=O)C4=NC=CC5=CC=CC=C54,1
334,sulfacarbamide,C1=CC(=CC=C1N)S(=O)(=O)NC(=O)N,1
335,triacetyldiphenolisatin,CC(=O)N1C2=CC=CC=C2C(C1=O)(C3=CC=C(C=C3)OC(=O)C)C4=CC=C(C=C4)OC(=O)C,1
336,fiduxosin ,COC1=CC=CC2=C1C3CN(CC3CO2)CCCCN4C(=O)C5=C(C6=NC(=CN=C6S5)C7=CC=CC=C7)NC4=O,1
337,pafuramidine ,CON=C(C1=CC=C(C=C1)C2=CC=C(O2)C3=CC=C(C=C3)C(=NOC)N)N,1
338,phenoxypropazine,CC(COC1=CC=CC=C1)NN,1
339,histamine diphosphate,C1=C(NC=N1)CCN.OP(=O)(O)O.OP(=O)(O)O,0
340,aminophylline,CN1C2=C(C(=O)N(C1=O)C)NC=N2.CN1C2=C(C(=O)N(C1=O)C)NC=N2.C(CN)N,0
341,meperidine,CCOC(=O)C1(CCN(CC1)C)C2=CC=CC=C2,0
342,methamphetamine,CC(CC1=CC=CC=C1)NC,0
343,methadone,CCC(=O)C(CC(C)N(C)C)(C1=CC=CC=C1)C2=CC=CC=C2,0
344,hyaluronidase,not found,0
345,doxylamine,CC(C1=CC=CC=C1)(C2=CC=CC=N2)OCCN(C)C,0
346,protamine sulfate,not found,0
347,bethanechol,CC(C[N+](C)(C)C)OC(=O)N,0
348,cortisone acetate,CC(=O)OCC(=O)C1(CCC2C1(CC(=O)C3C2CCC4=CC(=O)CCC34C)C)O,0
349,dicyclomine,CCN(CC)CCOC(=O)C1(CCCCC1)C2CCCCC2,0
350,norepinephrine,C1=CC(=C(C=C1C(CN)O)O)O,0
351,dyphylline,CN1C2=C(C(=O)N(C1=O)C)N(C=N2)CC(CO)O,0
352,epinephrine,CNCC(C1=CC(=C(C=C1)O)O)O,0
353,succinylcholine,C[N+](C)(C)CCOC(=O)CCC(=O)OCC[N+](C)(C)C,0
354,thyrotropin alfa,not found,0
355,levorphanol,CN1CCC23CCCCC2C1CC4=C3C=C(C=C4)O,0
356,propantheline,CC(C)[N+](C)(CCOC(=O)C1C2=CC=CC=C2OC3=CC=CC=C13)C(C)C,0
357,carbinoxamine,CN(C)CCOC(C1=CC=C(C=C1)Cl)C2=CC=CC=N2,0
358,diatrizoate,CC(=O)NC1=C(C(=C(C(=C1I)C(=O)O)I)NC(=O)C)I,0
359,phytonadione,CC1=C(C(=O)C2=CC=CC=C2C1=O)CC=C(C)CCCC(C)CCCC(C)CCCC(C)C,0
360,mecamylamine,CC1(C2CCC(C2)C1(C)NC)C,0
361,liothyronine,C1=CC(=C(C=C1OC2=C(C=C(C=C2I)CC(C(=O)O)N)I)I)O,0
362,methsuximide,CC1(CC(=O)N(C1=O)C)C2=CC=CC=C2,0
363,mepenzolate,C[N+]1(CCCC(C1)OC(=O)C(C2=CC=CC=C2)(C3=CC=CC=C3)O)C,0
364,meclizine,CC1=CC(=CC=C1)CN2CCN(CC2)C(C3=CC=CC=C3)C4=CC=C(C=C4)Cl,0
365,triprolidine,CC1=CC=C(C=C1)C(=CCN2CCCC2)C3=CC=CC=N3,0
366,benzonatate,CCCCNC1=CC=C(C=C1)C(=O)OCCOCCOCCOCCOCCOCCOCCOCCOCCOC,1
367,Sodium polystyrene sulfonate,C=CC1=CC=C(C=C1)S(=O)(=O)O,0
368,dichlorphenamide,C1=C(C=C(C(=C1S(=O)(=O)N)Cl)Cl)S(=O)(=O)N,0
369,phentermine,CC(C)(CC1=CC=CC=C1)N,1
370,diethylpropion,CCN(CC)C(C)C(=O)C1=CC=CC=C1,0
371,oxymorphone,CN1CCC23C4C(=O)CCC2(C1CC5=C3C(=C(C=C5)O)O4)O,0
372,dexbrompheniramine,CN(C)CCC(C1=CC=C(C=C1)Br)C2=CC=CC=N2,0
373,biperiden,C1CCN(CC1)CCC(C2CC3CC2C=C3)(C4=CC=CC=C4)O,0
374,isosorbide dinitrate,C1C(C2C(O1)C(CO2)O[N+](=O)[O-])O[N+](=O)[O-],0
375,mepivacaine,CC1=C(C(=CC=C1)C)NC(=O)C2CCCCN2C,0
376,bendroflumethiazide,C1=CC=C(C=C1)CC2NC3=C(C=C(C(=C3)C(F)(F)F)S(=O)(=O)N)S(=O)(=O)N2,1
377,phendimetrazine,CC1C(OCCN1C)C2=CC=CC=C2,0
378,oxytocin,CCC(C)C1C(=O)NC(C(=O)NC(C(=O)NC(CSSCC(C(=O)NC(C(=O)N1)CC2=CC=C(C=C2)O)N)C(=O)N3CCCC3C(=O)NC(CC(C)C)C(=O)NCC(=O)N)CC(=O)N)CCC(=O)N,0
379,guanethidine,C1CCCN(CCC1)CCN=C(N)N,0
380,ethosuximide,CCC1(CC(=O)NC1=O)C,0
381,benzphetamine,CC(CC1=CC=CC=C1)N(C)CC2=CC=CC=C2,0
382,glycopyrrolate,C[N+]1(CCC(C1)OC(=O)C(C2CCCC2)(C3=CC=CC=C3)O)C.[Br-],0
383,metyrapone,CC(C)(C1=CN=CC=C1)C(=O)C2=CN=CC=C2,0
384,metaxalone,CC1=CC(=CC(=C1)OCC2CNC(=O)O2)C,1
385,oxandrolone,CC12CCC3C(C1CCC2(C)O)CCC4C3(COC(=O)C4)C,1
386,oxazepam,C1=CC=C(C=C1)C2=NC(C(=O)NC3=C2C=C(C=C3)Cl)O,0
387,protriptyline,CNCCCC1C2=CC=CC=C2C=CC3=CC=CC=C13,0
388,cosyntropin,CC(C)C(C(=O)NCC(=O)NC(CCCCN)C(=O)NC(CCCCN)C(=O)NC(CCCNC(=N)N)C(=O)NC(CCCNC(=N)N)C(=O)N1CCCC1C(=O)NC(C(C)C)C(=O)NC(CCCCN)C(=O)NC(C(C)C)C(=O)NC(CC2=CC=C(C=C2)O)C(=O)N3CCCC3C(=O)O)NC(=O)C4CCCN4C(=O)C(CCCCN)NC(=O)CNC(=O)C(CC5=CNC6=CC=CC=C65)NC(=O)C(CCCNC(=N)N)NC(=O)C(CC7=CC=CC=C7)NC(=O)C(CC8=CNC=N8)NC(=O)C(CCC(=O)O)NC(=O)C(CCSC)NC(=O)C(CO)NC(=O)C(CC9=CC=C(C=C9)O)NC(=O)C(CO)N,0
389,flavoxate,CC1=C(OC2=C(C1=O)C=CC=C2C(=O)OCCN3CCCCC3)C4=CC=CC=C4,0
390,ketamine,CNC1(CCCCC1=O)C2=CC=CC=C2Cl,1
391,pancuronium,CC(=O)OC1CC2CCC3C(C2(CC1[N+]4(CCCCC4)C)C)CCC5(C3CC(C5OC(=O)C)[N+]6(CCCCC6)C)C,0
392,pentagastrin,CC(C)(C)OC(=O)NCCC(=O)NC(CC1=CNC2=CC=CC=C21)C(=O)NC(CCSC)C(=O)NC(CC(=O)O)C(=O)NC(CC3=CC=CC=C3)C(=O)N,0
393,dextroamphetamine,CC(CC1=CC=CC=C1)N,0
394,terbutaline,CC(C)(C)NCC(C1=CC(=CC(=C1)O)O)O,1
395,calcitonin salmon,CC(C)CC1C(=O)NC(C(=O)NC(C(=O)NC(CSSCC(C(=O)NC(C(=O)NC(C(=O)N1)CC(=O)N)CO)N)C(=O)NC(C(C)C)C(=O)NC(CC(C)C)C(=O)NCC(=O)NC(CCCCN)C(=O)NC(CC(C)C)C(=O)NC(CO)C(=O)NC(CCC(=O)N)C(=O)NC(CCC(=O)O)C(=O)NC(CC(C)C)C(=O)NC(CC2=CNC=N2)C(=O)NC(CCCCN)C(=O)NC(CC(C)C)C(=O)NC(CCC(=O)N)C(=O)NC(C(C)O)C(=O)NC(CC3=CC=C(C=C3)O)C(=O)N4CCCC4C(=O)NC(CCCNC(=N)N)C(=O)NC(C(C)O)C(=O)NC(CC(=O)N)C(=O)NC(C(C)O)C(=O)NCC(=O)NC(CO)C(=O)NCC(=O)NC(C(C)O)C(=O)N5CCCC5C(=O)N)C(C)O)CO,0
396,pentetic acid,C(CN(CC(=O)O)CC(=O)O)N(CCN(CC(=O)O)CC(=O)O)CC(=O)O,0
397,nitroprusside,not found,0
398,colestipol,C1C(O1)CCl.C(CNCCNCCNCCN)N,0
399,lactulose,C(C1C(C(C(C(O1)OC2C(OC(C2O)(CO)O)CO)O)O)O)O,0
400,somatropin recombinant,not found,0
401,fluorescein,C1=CC=C2C(=C1)C(=O)OC23C4=C(C=C(C=C4)O)OC5=C3C=CC(=C5)O,0
402,metyrosine,CC(CC1=CC=C(C=C1)O)(C(=O)O)N,0
403,carboprost tromethamine,CCCCCC(C)(C=CC1C(CC(C1CC=CCCCC(=O)O)O)O)O.C(C(CO)(CO)N)O,0
404,calcitriol,CC(CCCC(C)(C)O)C1CCC2C1(CCCC2=CC=C3CC(CC(C3=C)O)O)C,0
405,morphine,CN1CCC23C4C1CC5=C2C(=C(C=C5)O)OC3C(C=C4)O,0
406,nabilone,CCCCCCC(C)(C)C1=CC(=C2C3CC(=O)CCC3C(OC2=C1)(C)C)O,0
407,vecuronium,CC(=O)OC1CC2CCC3C(C2(CC1N4CCCCC4)C)CCC5(C3CC(C5OC(=O)C)[N+]6(CCCCC6)C)C,0
408,atracurium,C[N+]1(CCC2=CC(=C(C=C2C1CC3=CC(=C(C=C3)OC)OC)OC)OC)CCC(=O)OCCCCCOC(=O)CC[N+]4(CCC5=CC(=C(C=C5C4CC6=CC(=C(C=C6)OC)OC)OC)OC)C,0
409,hydromorphone,CN1CCC23C4C1CC5=C2C(=C(C=C5)O)OC3C(=O)CC4,0
410,sufentanil,CCC(=O)N(C1=CC=CC=C1)C2(CCN(CC2)CCC3=CC=CS3)COC,0
411,tranexamic acid,C1CC(CCC1CN)C(=O)O,0
412,alfentanil,CCC(=O)N(C1=CC=CC=C1)C2(CCN(CC2)CCN3C(=O)N(N=N3)CC)COC,0
413,ethanolamine oleate,CCCCCCCCC=CCCCCCCCC(=O)O.C(CO)N,0
414,rubidium chloride rb-82,[Cl-].[Rb+],0
415,urofollitropin,CCC(C)C1C(=O)NC(C(=O)NC(C(=O)NC(CSSCC(C(=O)NC(C(=O)N1)CC2=CC=C(C=C2)O)N)C(=O)N3CCCC3C(=O)NC(CC(C)C)C(=O)NCC(=O)N)CC(=O)N)C(C)O,0
416,teriparatide,CCC(C)C(C(=O)NC(CCC(=O)N)C(=O)NC(CC(C)C)C(=O)NC(CCSC)C(=O)NC(CC1=CNC=N1)C(=O)NC(CC(=O)N)C(=O)NC(CC(C)C)C(=O)NCC(=O)NC(CCCCN)C(=O)NC(CC2=CNC=N2)C(=O)NC(CC(C)C)C(=O)NC(CC(=O)N)C(=O)NC(CO)C(=O)NC(CCSC)C(=O)NC(CCC(=O)O)C(=O)NC(CCCNC(=N)N)C(=O)NC(C(C)C)C(=O)NC(CCC(=O)O)C(=O)NC(CC3=CNC4=CC=CC=C43)C(=O)NC(CC(C)C)C(=O)NC(CCCNC(=N)N)C(=O)NC(CCCCN)C(=O)NC(CCCCN)C(=O)NC(CC(C)C)C(=O)NC(CCC(=O)N)C(=O)NC(CC(=O)O)C(=O)NC(C(C)C)C(=O)NC(CC5=CNC=N5)C(=O)NC(CC(=O)N)C(=O)NC(CC6=CC=CC=C6)C(=O)O)NC(=O)C(CCC(=O)O)NC(=O)C(CO)NC(=O)C(C(C)C)NC(=O)C(CO)N,0
417,gadopentetate dimeglumine,not found,0
418,rimantadine,CC(C12CC3CC(C1)CC(C3)C2)N,0
419,pegademase bovine,not found,0
420,fenoldopam,C1CNCC(C2=CC(=C(C(=C21)Cl)O)O)C3=CC=C(C=C3)O,0
421,calcium acetate,CC(=O)[O-].CC(=O)[O-].[Ca+2],0
422,mivacurium,C[N+]1(CCC2=CC(=C(C=C2C1CC3=CC(=C(C(=C3)OC)OC)OC)OC)OC)CCCOC(=O)CCC=CCCC(=O)OCCC[N+]4(CCC5=CC(=C(C=C5C4CC6=CC(=C(C(=C6)OC)OC)OC)OC)OC)C,0
423,gadoteridol,CC(CN1CCN(CCN(CCN(CC1)CC(=O)[O-])CC(=O)[O-])CC(=O)[O-])O.[Gd+3],0
424,enoxaparin,CC(=O)NC1C(C(C(OC1O)COS(=O)(=O)O)OC2C(C(C(C(O2)C(=O)O)OC3C(C(C(C(O3)CO)OC4C(C(C(C(O4)C(=O)O)O)O)OS(=O)(=O)O)OS(=O)(=O)O)NS(=O)(=O)O)O)OS(=O)(=O)O)O,1
425,perindopril,CCCC(C(=O)OCC)NC(C)C(=O)N1C2CCCCC2CC1C(=O)O,0
426,rocuronium,CC(=O)OC1C(CC2C1(CCC3C2CCC4C3(CC(C(C4)O)N5CCOCC5)C)C)[N+]6(CCCC6)CC=C,0
427,dalteparin sodium,not found,1
428,ferumoxsil,not found,0
429,ferumoxides,[O-2].[O-2].[O-2].[O-2].[Fe+2].[Fe+3].[Fe+3],0
430,porfimer,not found,0
431,ibutilide,CCCCCCCN(CC)CCCC(C1=CC=C(C=C1)NS(=O)(=O)C)O,0
432,cisatracurium besylate,C[N+]1(CCC2=CC(=C(C=C2C1CC3=CC(=C(C=C3)OC)OC)OC)OC)CCC(=O)OCCCCCOC(=O)CC[N+]4(CCC5=CC(=C(C=C5C4CC6=CC(=C(C=C6)OC)OC)OC)OC)C.C1=CC=C(C=C1)S(=O)(=O)[O-].C1=CC=C(C=C1)S(=O)(=O)[O-],0
433,oxycodone,CN1CCC23C4C(=O)CCC2(C1CC5=C3C(=C(C=C5)OC)O4)O,0
434,alendronate,C(CC(O)(P(=O)(O)O)P(=O)(O)O)CN,1
435,tamsulosin,CCOC1=CC=CC=C1OCCNC(C)CC2=CC(=C(C=C2)OC)S(=O)(=O)N,1
436,dolasetron,C1C2CC3CC(CC1N3CC2=O)OC(=O)C4=CNC5=CC=CC=C54,0
437,remifentanil,CCC(=O)N(C1=CC=CC=C1)C2(CCN(CC2)CCC(=O)OC)C(=O)OC,1
438,sibutramine,CC(C)CC(C1(CCC1)C2=CC=C(C=C2)Cl)N(C)C,1
439,tiagabine,CC1=C(SC=C1)C(=CCCN2CCCC(C2)C(=O)O)C3=C(C=CS3)C,0
440,ropinirole,CCCN(CCC)CCC1=C2CC(=O)NC2=CC=C1,1
441,pramipexole,CCCNC1CCC2=C(C1)SC(=N2)N,0
442,miglitol,C1C(C(C(C(N1CCO)CO)O)O)O,0
443,polyethylene glycol 3350,C(CO)O,0
444,delavirdine,CC(C)NC1=C(N=CC=C1)N2CCN(CC2)C(=O)C3=CC4=C(N3)C=CC(=C4)NS(=O)(=O)C,0
445,tiludronate,C1=CC(=CC=C1SC(P(=O)(O)O)P(=O)(O)O)Cl,0
446,eptifibatide,C1CC2C(=O)NC(CSSCCC(=O)NC(C(=O)NCC(=O)NC(C(=O)NC(C(=O)N2C1)CC3=CNC4=CC=CC=C43)CC(=O)O)CCCCN=C(N)N)C(=O)N,0
447,eprosartan,CCCCC1=NC=C(N1CC2=CC=C(C=C2)C(=O)O)C=C(CC3=CC=CS3)C(=O)O,0
448,repaglinide,CCOC1=C(C=CC(=C1)CC(=O)NC(CC(C)C)C2=CC=CC=C2N3CCCCC3)C(=O)O,1
449,irbesartan,CCCCC1=NC2(CCCC2)C(=O)N1CC3=CC=C(C=C3)C4=CC=CC=C4C5=NNN=N5,1
450,naratriptan,CNS(=O)(=O)CCC1=CC2=C(C=C1)NC=C2C3CCN(CC3)C,0
451,zolmitriptan,CN(C)CCC1=CNC2=C1C=C(C=C2)CC3COC(=O)N3,0
452,tolterodine,CC1=CC(=C(C=C1)O)C(CCN(C(C)C)C(C)C)C2=CC=CC=C2,0
453,nelfinavir,CC1=C(C=CC=C1O)C(=O)NC(CSC2=CC=CC=C2)C(CN3CC4CCCCC4CC3C(=O)NC(C)(C)C)O,1
454,rivastigmine,CCN(C)C(=O)OC1=CC=CC(=C1)C(C)N(C)C,1
455,ziprasidone,C1CN(CCN1CCC2=C(C=C3C(=C2)CC(=O)N3)Cl)C4=NSC5=CC=CC=C54,1
456,risedronate,C1=CC(=CN=C1)CC(O)(P(=O)(O)O)P(=O)(O)O,0
457,candesartan,CCOC1=NC2=CC=CC(=C2N1CC3=CC=C(C=C3)C4=CC=CC=C4C5=NNN=N5)C(=O)O,1
458,clopidogrel,COC(=O)C(C1=CC=CC=C1Cl)N2CCC3=C(C2)C=CS3,1
459,rizatriptan,CN(C)CCC1=CNC2=C1C=C(C=C2)CN3C=NC=N3,0
460,bivalirudin,CCC(C)C(C(=O)N1CCCC1C(=O)NC(CCC(=O)O)C(=O)NC(CCC(=O)O)C(=O)NC(CC2=CC=C(C=C2)O)C(=O)NC(CC(C)C)C(=O)O)NC(=O)C(CCC(=O)O)NC(=O)C(CCC(=O)O)NC(=O)C(CC3=CC=CC=C3)NC(=O)C(CC(=O)O)NC(=O)CNC(=O)C(CC(=O)N)NC(=O)CNC(=O)CNC(=O)CNC(=O)CNC(=O)C4CCCN4C(=O)C(CCCNC(=N)N)NC(=O)C5CCCN5C(=O)C(CC6=CC=CC=C6)N,0
461,azacitidine,C1=NC(=NC(=O)N1C2C(C(C(O2)CO)O)O)N,0
462,fluorouracil,C1=C(C(=O)NC(=O)N1)F,1
463,argatroban,CC1CCN(C(C1)C(=O)O)C(=O)C(CCCN=C(N)N)NS(=O)(=O)C2=CC=CC3=C2NCC(C3)C,0
464,sildenafil,CCCC1=NN(C2=C1N=C(NC2=O)C3=C(C=CC(=C3)S(=O)(=O)N4CCN(CC4)C)OCC)C,1
465,acarbose,CC1C(C(C(C(O1)OC2C(OC(C(C2O)O)OC3C(OC(C(C3O)O)O)CO)CO)O)O)NC4C=C(C(C(C4O)O)O)CO,1
466,acebutolol,CCCC(=O)NC1=CC(=C(C=C1)OCC(CNC(C)C)O)C(=O)C,1
467,tirofiban,CCCCS(=O)(=O)NC(CC1=CC=C(C=C1)OCCCCC2CCNCC2)C(=O)O,0
468,sevelamer,C=CCN.C1C(O1)CCl,0
469,dofetilide,CN(CCC1=CC=C(C=C1)NS(=O)(=O)C)CCOC2=CC=C(C=C2)NS(=O)(=O)C,0
470,acetylcysteine,CC(=O)NC(CS)C(=O)O,0
471,acitretin,CC1=CC(=C(C(=C1C=CC(=CC=CC(=CC(=O)O)C)C)C)C)OC,1
472,gadoversetamide,COCCNC(=O)CN(CCN(CCN(CC(=O)NCCOC)CC(=O)[O-])CC(=O)[O-])CC(=O)[O-].[Gd+3],0
473,adenosine,C1=NC(=C2C(=N1)N(C=N2)C3C(C(C(O3)CO)O)O)N,0
474,salbutamol,CC(C)(C)NCC(C1=CC(=C(C=C1)O)CO)O,0
475,almotriptan,CN(C)CCC1=CNC2=C1C=C(C=C2)CS(=O)(=O)N3CCCC3,0
476,frovatriptan,CNC1CCC2=C(C1)C3=C(N2)C=CC(=C3)C(=O)N,0
477,oxcarbazepine,C1C2=CC=CC=C2N(C3=CC=CC=C3C1=O)C(=O)N,1
478,rifapentine,CC1C=CC=C(C(=O)NC2=C(C(=C3C(=C2O)C(=C(C4=C3C(=O)C(O4)(OC=CC(C(C(C(C(C(C1O)C)O)C)OC(=O)C)C)OC)C)C)O)O)C=NN5CCN(CC5)C6CCCC6)C,0
479,levetiracetam,CCC(C(=O)N)N1CCCC1=O,1
480,alpidem,CCCN(CCC)C(=O)CC1=C(N=C2N1C=C(C=C2)Cl)C3=CC=C(C=C3)Cl,1
481,bexarotene,CC1=CC2=C(C=C1C(=C)C3=CC=C(C=C3)C(=O)O)C(CCC2(C)C)(C)C,1
482,perflutren,C(C(F)(F)F)(C(F)(F)F)(F)F,0
483,amifostine,C(CN)CNCCSP(=O)(O)O,0
484,amikacin,C1C(C(C(C(C1NC(=O)C(CCN)O)OC2C(C(C(C(O2)CO)O)N)O)O)OC3C(C(C(C(O3)CN)O)O)O)N,0
485,alosetron,CC1=C(N=CN1)CN2CCC3=C(C2=O)C4=CC=CC=C4N3C,1
486,aminocaproic acid,C(CCC(=O)O)CCN,0
487,levothyroxine,C1=C(C=C(C(=C1I)OC2=CC(=C(C(=C2)I)O)I)I)CC(C(=O)O)N,1
488,linezolid,CC(=O)NCC1CN(C(=O)O1)C2=CC(=C(C=C2)N3CCOCC3)F,1
489,colesevelam,CCCCCCCCCCNCC=C.C[N+](C)(C)CCCCCCNCC=C.C=CCN.C1C(O1)CCl.Cl.[Cl-],0
490,gemifloxacin,CON=C1CN(CC1CN)C2=C(C=C3C(=O)C(=CN(C3=N2)C4CC4)C(=O)O)F,1
491,desloratadine,C1CC2=C(C=CC(=C2)Cl)C(=C3CCNCC3)C4=C1C=CC=N4,1
492,galantamine,CN1CCC23C=CC(CC2OC4=C(C=CC(=C34)C1)OC)O,0
493,cefditoren,CC1=C(SC=N1)C=CC2=C(N3C(C(C3=O)NC(=O)C(=NOC)C4=CSC(=N4)N)SC2)C(=O)O,0
494,zoledronate,C1=CN(C=N1)CC(O)(P(=O)(O)O)P(=O)(O)O,1
495,caspofungin,CCC(C)CC(C)CCCCCCCCC(=O)NC1CC(C(NC(=O)C2C(CCN2C(=O)C(NC(=O)C(NC(=O)C3CC(CN3C(=O)C(NC1=O)C(C)O)O)C(C(C4=CC=C(C=C4)O)O)O)C(CCN)O)O)NCCN)O,0
496,atovaquone,C1CC(CCC1C2=CC=C(C=C2)Cl)C3=C(C4=CC=CC=C4C(=O)C3=O)O,0
497,voriconazole,CC(C1=NC=NC=C1F)C(CN2C=NC=N2)(C3=C(C=C(C=C3)F)F)O,1
498,guaifenesin,COC1=CC=CC=C1OCC(CO)O,0
499,olmesartan,CCCC1=NC(=C(N1CC2=CC=C(C=C2)C3=CC=CC=C3C4=NNN=N4)C(=O)O)C(C)(C)O,0
500,alfuzosin,CN(CCCNC(=O)C1CCCO1)C2=NC3=CC(=C(C=C3C(=N2)N)OC)OC,1
501,aztreonam,CC1C(C(=O)N1S(=O)(=O)O)NC(=O)C(=NOC(C)(C)C(=O)O)C2=CSC(=N2)N,0
502,dutasteride,CC12CCC3C(C1CCC2C(=O)NC4=C(C=CC(=C4)C(F)(F)F)C(F)(F)F)CCC5C3(C=CC(=O)N5)C,0
503,baclofen,C1=CC(=CC=C1C(CC(=O)O)CN)Cl,1
504,benazepril,CCOC(=O)C(CCC1=CC=CC=C1)NC2CCC3=CC=CC=C3N(C2=O)CC(=O)O,1
505,bendazac,C1=CC=C(C=C1)CN2C3=CC=CC=C3C(=N2)OCC(=O)O,1
506,benzarone,CCC1=C(C2=CC=CC=C2O1)C(=O)C3=CC=C(C=C3)O,1
507,benziodarone,CCC1=C(C2=CC=CC=C2O1)C(=O)C3=CC(=C(C(=C3)I)O)I,1
508,ertapenem,CC1C2C(C(=O)N2C(=C1SC3CC(NC3)C(=O)NC4=CC=CC(=C4)C(=O)O)C(=O)O)C(C)O,0
509,benztropine,CN1C2CCC1CC(C2)OC(C3=CC=CC=C3)C4=CC=CC=C4,0
510,fondaparinux sodium,COC1C(C(C(C(O1)COS(=O)(=O)[O-])OC2C(C(C(C(O2)C(=O)[O-])OC3C(C(C(C(O3)COS(=O)(=O)[O-])OC4C(C(C(C(O4)C(=O)[O-])OC5C(C(C(C(O5)COS(=O)(=O)[O-])O)O)NS(=O)(=O)[O-])O)O)OS(=O)(=O)[O-])NS(=O)(=O)[O-])O)OS(=O)(=O)[O-])O)NS(=O)(=O)[O-].[Na+].[Na+].[Na+].[Na+].[Na+].[Na+].[Na+].[Na+].[Na+].[Na+],1
511,miglustat,CCCCN1CC(C(C(C1CO)O)O)O,0
512,gadobenate dimeglumine,CNCC(C(C(C(CO)O)O)O)O.CNCC(C(C(C(CO)O)O)O)O.C1=CC=C(C=C1)COCC(C(=O)[O-])N(CCN(CCN(CC(=O)O)CC(=O)[O-])CC(=O)[O-])CC(=O)O.[Gd+3],0
513,rifaximin,CC1C=CC=C(C(=O)NC2=C(C3=C(C4=C(C(=C3O)C)OC(C4=O)(OC=CC(C(C(C(C(C(C1O)C)O)C)OC(=O)C)C)OC)C)C5=C2N6C=CC(=CC6=N5)C)O)C,0
514,tadalafil,CN1CC(=O)N2C(C1=O)CC3=C(C2C4=CC5=C(C=C4)OCO5)NC6=CC=CC=C36,0
515,palonosetron,C1CC2CN(C(=O)C3=CC=CC(=C23)C1)C4CN5CCC4CC5,0
516,betaxolol,CC(C)NCC(COC1=CC=C(C=C1)CCOCC2CC2)O,0
517,vardenafil,CCCC1=NC(=C2N1N=C(NC2=O)C3=C(C=CC(=C3)S(=O)(=O)N4CCN(CC4)CC)OCC)C,0
518,bisoprolol,CC(C)NCC(COC1=CC=C(C=C1)COCCOC(C)C)O,0
519,bleomycin,CC1=C(N=C(N=C1N)C(CC(=O)N)NCC(C(=O)N)N)C(=O)NC(C(C2=CN=CN2)OC3C(C(C(C(O3)CO)O)O)OC4C(C(C(C(O4)CO)O)OC(=O)N)O)C(=O)NC(C)C(C(C)C(=O)NC(C(C)O)C(=O)NCCC5=NC(=CS5)C6=NC(=CS6)C(=O)NCCC[S+](C)C)O,0
520,atomoxetine,CC1=CC=CC=C1OC(CCNC)C2=CC=CC=C2,1
521,bosentan,CC(C)(C)C1=CC=C(C=C1)S(=O)(=O)NC2=C(C(=NC(=N2)C3=NC=CC=N3)OCCO)OC4=CC=CC=C4OC,1
522,acamprosate,CC(=O)NCCCS(=O)(=O)O,1
523,aripiprazole,C1CC(=O)NC2=C1C=CC(=C2)OCCCCN3CCN(CC3)C4=C(C(=CC=C4)Cl)Cl,0
524,budesonide,CCCC1OC2CC3C4CCC5=CC(=O)C=CC5(C4C(CC3(C2(O1)C(=O)CO)C)O)C,0
525,bumetanide,CCCCNC1=C(C(=CC(=C1)C(=O)O)S(=O)(=O)N)OC2=CC=CC=C2,0
526,buspirone,C1CCC2(C1)CC(=O)N(C(=O)C2)CCCCN3CCN(CC3)C4=NC=CC=N4,0
527,eplerenone,CC12CCC(=O)C=C1CC(C3C24C(O4)CC5(C3CCC56CCC(=O)O6)C)C(=O)OC,0
528,butorphanol,C1CCC2(C3CC4=C(C2(C1)CCN3CC5CCC5)C=C(C=C4)O)O,0
529,cabergoline,CCNC(=O)N(CCCN(C)C)C(=O)C1CC2C(CC3=CNC4=CC=CC2=C34)N(C1)CC=C,0
530,ezetimibe,C1=CC(=CC=C1C2C(C(=O)N2C3=CC=C(C=C3)F)CCC(C4=CC=C(C=C4)F)O)O,1
531,pregabalin,CC(C)CC(CC(=O)O)CN,1
532,adefovir,C1=NC(=C2C(=N1)N(C=N2)CCOCP(=O)(O)O)N,1
533,ibandronate,CCCCCN(C)CCC(O)(P(=O)(O)O)P(=O)(O)O,0
534,carbenicillin,CC1(C(N2C(S1)C(C2=O)NC(=O)C(C3=CC=CC=C3)C(=O)O)C(=O)O)C,1
535,carbidopa,CC(CC1=CC(=C(C=C1)O)O)(C(=O)O)NN,0
536,eszopiclone,CN1CCN(CC1)C(=O)OC2C3=NC=CN=C3C(=O)N2C4=NC=C(C=C4)Cl,0
537,cefaclor,C1C(=C(N2C(S1)C(C2=O)NC(=O)C(C3=CC=CC=C3)N)C(=O)O)Cl,1
538,cefadroxil,CC1=C(N2C(C(C2=O)NC(=O)C(C3=CC=C(C=C3)O)N)SC1)C(=O)O,1
539,enfuvirtide,CCC(C)C(C(=O)NC(CCC(=O)O)C(=O)NC(CCC(=O)O)C(=O)NC(CO)C(=O)NC(CCC(=O)N)C(=O)NC(CC(=O)N)C(=O)NC(CCC(=O)N)C(=O)NC(CCC(=O)N)C(=O)NC(CCC(=O)O)C(=O)NC(CCCCN)C(=O)NC(CC(=O)N)C(=O)NC(CCC(=O)O)C(=O)NC(CCC(=O)N)C(=O)NC(CCC(=O)O)C(=O)NC(CC(C)C)C(=O)NC(CC(C)C)C(=O)NC(CCC(=O)O)C(=O)NC(CC(C)C)C(=O)NC(CC(=O)O)C(=O)NC(CCCCN)C(=O)NC(CC1=CNC2=CC=CC=C21)C(=O)NC(C)C(=O)NC(CO)C(=O)NC(CC(C)C)C(=O)NC(CC3=CNC4=CC=CC=C43)C(=O)NC(CC(=O)N)C(=O)NC(CC5=CNC6=CC=CC=C65)C(=O)NC(CC7=CC=CC=C7)C(=O)NCC(=O)O)NC(=O)C(CC(C)C)NC(=O)C(CO)NC(=O)C(CC8=CN=CN8)NC(=O)C(C(C)CC)NC(=O)C(CC(C)C)NC(=O)C(CO)NC(=O)C(C(C)O)NC(=O)C(CC9=CC=C(C=C9)O)NNC(=O)C,0
540,cefazolin,CC1=NN=C(S1)SCC2=C(N3C(C(C3=O)NC(=O)CN4C=NN=N4)SC2)C(=O)O,1
541,cefepime,C[N+]1(CCCC1)CC2=C(N3C(C(C3=O)NC(=O)C(=NOC)C4=CSC(=N4)N)SC2)C(=O)[O-],1
542,cefixime,C=CC1=C(N2C(C(C2=O)NC(=O)C(=NOCC(=O)O)C3=CSC(=N3)N)SC1)C(=O)O,0
543,cefoperazone,CCN1CCN(C(=O)C1=O)C(=O)NC(C2=CC=C(C=C2)O)C(=O)NC3C4N(C3=O)C(=C(CS4)CSC5=NN=NN5C)C(=O)O,1
544,cefotaxime,CC(=O)OCC1=C(N2C(C(C2=O)NC(=O)C(=NOC)C3=CSC(=N3)N)SC1)C(=O)O,1
545,cefoxitin,COC1(C2N(C1=O)C(=C(CS2)COC(=O)N)C(=O)O)NC(=O)CC3=CC=CS3,0
546,cefpodoxime,COCC1=C(N2C(C(C2=O)NC(=O)C(=NOC)C3=CSC(=N3)N)SC1)C(=O)O,0
547,oxaliplatin,C1CCC(C(C1)[NH-])[NH-].C(=O)(C(=O)[O-])[O-].[Pt+4],1
548,cefprozil,CC=CC1=C(N2C(C(C2=O)NC(=O)C(C3=CC=C(C=C3)O)N)SC1)C(=O)O,1
549,ceftibuten,C1C=C(N2C(S1)C(C2=O)NC(=O)C(=CCC(=O)O)C3=CSC(=N3)N)C(=O)O,0
550,nitazoxanide,CC(=O)OC1=CC=CC=C1C(=O)NC2=NC=C(S2)[N+](=O)[O-],0
551,ceftriaxone,CN1C(=NC(=O)C(=O)N1)SCC2=C(N3C(C(C3=O)NC(=O)C(=NOC)C4=CSC(=N4)N)SC2)C(=O)O,1
552,cefuroxime,CON=C(C1=CC=CO1)C(=O)NC2C3N(C2=O)C(=C(CS3)COC(=O)N)C(=O)O,1
553,micafungin,CCCCCOC1=CC=C(C=C1)C2=CC(=NO2)C3=CC=C(C=C3)C(=O)NC4CC(C(NC(=O)C5C(C(CN5C(=O)C(NC(=O)C(NC(=O)C6CC(CN6C(=O)C(NC4=O)C(C)O)O)C(C(C7=CC(=C(C=C7)O)OS(=O)(=O)O)O)O)C(CC(=O)N)O)C)O)O)O,1
554,darifenacin,C1CN(CC1C(C2=CC=CC=C2)(C3=CC=CC=C3)C(=O)N)CCC4=CC5=C(C=C4)OCC5,0
555,cephalexin,CC1=C(N2C(C(C2=O)NC(=O)C(C3=CC=CC=C3)N)SC1)C(=O)O,1
556,cetirizine,C1CN(CCN1CCOCC(=O)O)C(C2=CC=CC=C2)C3=CC=C(C=C3)Cl,1
557,solifenacin,C1CN2CCC1C(C2)OC(=O)N3CCC4=CC=CC=C4C3C5=CC=CC=C5,0
558,ranolazine,CC1=C(C(=CC=C1)C)NC(=O)CN2CCN(CC2)CC(COC3=CC=CC=C3OC)O,0
559,chloramphenicol,C1=CC(=CC=C1C(C(CO)NC(=O)C(Cl)Cl)O)[N+](=O)[O-],0
560,chlordiazepoxide,CN=C1CN(C(=C2C=C(C=CC2=N1)Cl)C3=CC=CC=C3)O,1
561,atazanavir,CC(C)(C)C(C(=O)NC(CC1=CC=CC=C1)C(CN(CC2=CC=C(C=C2)C3=CC=CC=N3)NC(=O)C(C(C)(C)C)NC(=O)OC)O)NC(=O)OC,1
562,daptomycin,CCCCCCCCCC(=O)NC(CC1=CNC2=CC=CC=C21)C(=O)NC(CC(=O)N)C(=O)NC(CC(=O)O)C(=O)NC3C(OC(=O)C(NC(=O)C(NC(=O)C(NC(=O)CNC(=O)C(NC(=O)C(NC(=O)C(NC(=O)C(NC(=O)CNC3=O)CCCN)CC(=O)O)C)CC(=O)O)CO)C(C)CC(=O)O)CC(=O)C4=CC=CC=C4N)C,1
563,chlormezanone,CN1C(S(=O)(=O)CCC1=O)C2=CC=C(C=C2)Cl,1
564,bortezomib,B(C(CC(C)C)NC(=O)C(CC1=CC=CC=C1)NC(=O)C2=NC=CN=C2)(O)O,1
565,anidulafungin,CCCCCOC1=CC=C(C=C1)C2=CC=C(C=C2)C3=CC=C(C=C3)C(=O)NC4CC(C(NC(=O)C5C(C(CN5C(=O)C(NC(=O)C(NC(=O)C6CC(CN6C(=O)C(NC4=O)C(C)O)O)C(C(C7=CC=C(C=C7)O)O)O)C(C)O)C)O)O)O,0
566,rasagiline,C#CCNC1CCC2=CC=CC=C12,0
567,chloroquine,CCN(CC)CCCC(C)NC1=C2C=CC(=CC2=NC=C1)Cl,1
568,chlorothiazide,C1=C2C(=CC(=C1Cl)S(=O)(=O)N)S(=O)(=O)N=CN2,1
569,cinacalcet,CC(C1=CC=CC2=CC=CC=C21)NCCCC3=CC(=CC=C3)C(F)(F)F,0
570,conivaptan,CC1=NC2=C(N1)CCN(C3=CC=CC=C32)C(=O)C4=CC=C(C=C4)NC(=O)C5=CC=CC=C5C6=CC=CC=C6,0
571,nebivolol,C1CC2=C(C=CC(=C2)F)OC1C(CNCC(C3CCC4=C(O3)C=CC(=C4)F)O)O,0
572,chlorthalidone,C1=CC=C2C(=C1)C(=O)NC2(C3=CC(=C(C=C3)Cl)S(=O)(=O)N)O,0
573,erlotinib,COCCOC1=C(C=C2C(=C1)C(=NC=N2)NC3=CC=CC(=C3)C#C)OCCOC,1
574,alvimopan,CC1CN(CCC1(C)C2=CC(=CC=C2)O)CC(CC3=CC=CC=C3)C(=O)NCC(=O)O,0
575,cidofovir,C1=CN(C(=O)N=C1N)CC(CO)OCP(=O)(O)O,0
576,ramelteon,CCC(=O)NCCC1CCC2=C1C3=C(C=C2)OCC3,0
577,cimetidine,CC1=C(N=CN1)CSCCNC(=NC)NC#N,1
578,cinchophen,C1=CC=C(C=C1)C2=NC3=CC=CC=C3C(=C2)C(=O)O,1
579,tipranavir,CCCC1(CC(=C(C(=O)O1)C(CC)C2=CC(=CC=C2)NS(=O)(=O)C3=NC=C(C=C3)C(F)(F)F)O)CCC4=CC=CC=C4,1
580,tigecycline,CC(C)(C)NCC(=O)NC1=CC(=C2CC3CC4C(C(=O)C(=C(C4(C(=O)C3=C(C2=C1O)O)O)O)C(=O)N)N(C)C)N(C)C,0
581,cladribine,C1C(C(OC1N2C=NC3=C(N=C(N=C32)Cl)N)CO)O,0
582,clindamycin,CCCC1CC(N(C1)C)C(=O)NC(C2C(C(C(C(O2)SC)O)O)O)C(C)Cl,1
583,clometacin,CC1=C(C2=C(N1CC(=O)O)C=C(C=C2)OC)C(=O)C3=CC=C(C=C3)Cl,1
584,urokinase,not found,0
585,clonidine,C1CN=C(N1)NC2=C(C=CC=C2Cl)Cl,0
586,nelarabine,COC1=NC(=NC2=C1N=CN2C3C(C(C(O3)CO)O)O)N,1
587,cloxacillin,CC1=C(C(=NO1)C2=CC=CC=C2Cl)C(=O)NC3C4N(C3=O)C(C(S4)(C)C)C(=O)O,1
588,lenalidomide,C1CC(=O)NC(=O)C1N2CC3=C(C2=O)C=CC=C3N,1
589,lubiprostone,CCCCC(C1(CCC2C(O1)CC(=O)C2CCCCCCC(=O)O)O)(F)F,0
590,sorafenib,CNC(=O)C1=NC=CC(=C1)OC2=CC=C(C=C2)NC(=O)NC3=CC(=C(C=C3)Cl)C(F)(F)F,1
591,varenicline,C1C2CNCC1C3=CC4=NC=CN=C4C=C23,1
592,darunavir,CC(C)CN(CC(C(CC1=CC=CC=C1)NC(=O)OC2COC3C2CCO3)O)S(=O)(=O)C4=CC=C(C=C4)N,1
593,aliskiren,CC(C)C(CC1=CC(=C(C=C1)OC)OCCCOC)CC(C(CC(C(C)C)C(=O)NCC(C)(C)C(=O)N)O)N,1
594,dasatinib,CC1=C(C(=CC=C1)Cl)NC(=O)C2=CN=C(S2)NC3=CC(=NC(=N3)C)N4CCN(CC4)CCO,1
595,cyclobenzaprine,CN(C)CCC=C1C2=CC=CC=C2C=CC3=CC=CC=C31,1
596,cyclofenil,CC(=O)OC1=CC=C(C=C1)C(=C2CCCCC2)C3=CC=C(C=C3)OC(=O)C,1
597,sitagliptin,C1CN2C(=NN=C2C(F)(F)F)CN1C(=O)CC(CC3=CC(=C(C=C3F)F)F)N,1
598,paliperidone,CC1=C(C(=O)N2CCCC(C2=N1)O)CCN3CCC(CC3)C4=NOC5=C4C=CC(=C5)F,0
599,posaconazole,CCC(C(C)O)N1C(=O)N(C=N1)C2=CC=C(C=C2)N3CCN(CC3)C4=CC=C(C=C4)OCC5CC(OC5)(CN6C=NC=N6)C7=C(C=C(C=C7)F)F,0
600,cyproheptadine,CN1CCC(=C2C3=CC=CC=C3C=CC4=CC=CC=C42)CC1,1
601,temsirolimus,CC1CCC2CC(C(=CC=CC=CC(CC(C(=O)C(C(C(=CC(C(=O)CC(OC(=O)C3CCCCN3C(=O)C(=O)C1(O2)O)C(C)CC4CCC(C(C4)OC)OC(=O)C(C)(CO)CO)C)C)O)OC)C)C)C)OC,0
602,tetrahydrobiopterin,CC(C(C1CNC2=C(N1)C(=O)NC(=N2)N)O)O,0
603,milnacipran,CCN(CC)C(=O)C1(CC1CN)C2=CC=CC=C2,1
604,desipramine,CNCCCN1C2=CC=CC=C2CCC3=CC=CC=C31,0
605,dexlansoprazole,CC1=C(C=CN=C1CS(=O)C2=NC3=CC=CC=C3N2)OCC(F)(F)F,1
606,everolimus,CC1CCC2CC(C(=CC=CC=CC(CC(C(=O)C(C(C(=CC(C(=O)CC(OC(=O)C3CCCCN3C(=O)C(=O)C1(O2)O)C(C)CC4CCC(C(C4)OC)OCCO)C)C)O)OC)C)C)C)OC,0
607,codeine,CN1CCC23C4C1CC5=C2C(=C(C=C5)OC)OC3C(C=C4)O,0
608,colistimethate,CCC(C)CCCCC(=O)NC(CCNCS(=O)(=O)[O-])C(=O)NC(C(C)O)C(=O)NC(CCNCS(=O)(=O)[O-])C(=O)NC1CCNC(=O)C(NC(=O)C(NC(=O)C(NC(=O)C(NC(=O)C(NC(=O)C(NC1=O)CCNCS(=O)(=O)[O-])CC(C)C)CC(C)C)CCNCS(=O)(=O)[O-])CCNCS(=O)(=O)[O-])C(C)O.[Na+].[Na+].[Na+].[Na+].[Na+],0
609,benzylpenicilloyl polylysine,CC1(C(NC(S1)C(C(=O)NCCCCC(C(=O)O)N)NC(=O)CC2=CC=CC=C2)C(=O)O)C.C(CCN)CC(C(=O)O)N,0
610,cephradine,CC1=C(N2C(C(C2=O)NC(=O)C(C3=CCC=CC3)N)SC1)C(=O)O,0
611,ceftizoxime,CON=C(C1=CSC(=N1)N)C(=O)NC2C3N(C2=O)C(=CCS3)C(=O)O,0
612,didanosine,C1CC(OC1CO)N2C=NC3=C2N=CNC3=O,1
613,mycophenolate mofetil,CC1=C2COC(=O)C2=C(C(=C1OC)CC=C(C)CCC(=O)OCCN3CCOCC3)O,1
614,cefdinir,C=CC1=C(N2C(C(C2=O)NC(=O)C(=NO)C3=CSC(=N3)N)SC1)C(=O)O,1
615,polymyxin b sulfate,CCC(C)CCCCC(=O)NC(CCN)C(=O)NC(C(C)O)C(=O)NC(CCN)C(=O)NC1CCNC(=O)C(NC(=O)C(NC(=O)C(NC(=O)C(NC(=O)C(NC(=O)C(NC1=O)CCN)CC2=CC=CC=C2)CC(C)C)CCN)CCN)C(C)O.OS(=O)(=O)O,0
616,diltiazem,CC(=O)OC1C(SC2=CC=CC=C2N(C1=O)CCN(C)C)C3=CC=C(C=C3)OC,1
617,sterile water,O,0
618,disopyramide,CC(C)N(CCC(C1=CC=CC=C1)(C2=CC=CC=N2)C(=O)N)C(C)C,1
619,asparaginase,not found,1
620,botulinum toxin type a,not found,0
621,interferon alfa-2b,CCCN(CCOC1=C(C=C(C=C1Cl)Cl)Cl)C(=O)N2C=CN=C2.C(S(=O)(=O)[O-])(I)I.[Na+],1
622,dobutamine,CC(CCC1=CC=C(C=C1)O)NCCC2=CC(=C(C=C2)O)O,0
623,docetaxel,CC1=C2C(C(=O)C3(C(CC4C(C3C(C(C2(C)C)(CC1OC(=O)C(C(C5=CC=CC=C5)NC(=O)OC(C)(C)C)O)O)OC(=O)C6=CC=CC=C6)(CO4)OC(=O)C)O)C)O,1
624,"interferon alfa-2a, recombinant",not found,1
625,doxazosin,COC1=C(C=C2C(=C1)C(=NC(=N2)N3CCN(CC3)C(=O)C4COC5=CC=CC=C5O4)N)OC,0
626,doxepin,CN(C)CCC=C1C2=CC=CC=C2COC3=CC=CC=C31,1
627,alteplase,not found,0
628,epoetin alfa,not found,0
629,droperidol,C1CN(CC=C1N2C3=CC=CC=C3NC2=O)CCCC(=O)C4=CC=C(C=C4)F,0
630,droxicam,CN1C2=C(C3=CC=CC=C3S1(=O)=O)OC(=O)N(C2=O)C4=CC=CC=N4,1
631,sargramostim,not found,0
632,pegaspargase,not found,1
633,efavirenz,C1CC1C#CC2(C3=C(C=CC(=C3)Cl)NC(=O)O2)C(F)(F)F,1
634,muromonab-cd3,not found,0
635,interferon beta-1b,not found,1
636,abciximab,not found,0
637,interferon beta-1a,not found,1
638,esmolol,CC(C)NCC(COC1=CC=C(C=C1)CCC(=O)OC)O,0
639,estazolam,C1C2=NN=CN2C3=C(C=C(C=C3)Cl)C(=N1)C4=CC=CC=C4,0
640,interferon alfacon-1,not found,1
641,oprelvekin,not found,0
642,estramustine,CC12CCC3C(C1CCC2O)CCC4=C3C=CC(=C4)OC(=O)N(CCCl)CCCl,1
643,ethambutol,CCC(CO)NCCNC(CC)CO,1
644,basiliximab,not found,0
645,ethionamide,CCC1=NC=CC(=C1)C(=S)N,1
646,palivizumab,not found,0
647,infliximab,not found,1
648,reteplase,not found,0
649,trastuzumab,not found,1
650,etanercept,not found,1
651,etidronic acid,CC(O)(P(=O)(O)O)P(=O)(O)O,0
652,botulinum toxin type b,not found,0
653,etomidate,CCOC(=O)C1=CN=CN1C(C)C2=CC=CC=C2,0
654,exifone,C1=CC(=C(C(=C1C(=O)C2=CC(=C(C(=C2)O)O)O)O)O)O,1
655,tenecteplase,not found,0
656,rasburicase,not found,0
657,alemtuzumab,not found,0
658,peginterferon alfa-2b,not found,1
659,fexofenadine,CC(C)(C1=CC=C(C=C1)C(CCCN2CCC(CC2)C(C3=CC=CC=C3)(C4=CC=CC=C4)O)O)C(=O)O,0
660,fialuridine,C1=C(C(=O)NC(=O)N1C2C(C(C(O2)CO)O)F)I,1
661,fipexide,C1CN(CCN1CC2=CC3=C(C=C2)OCO3)C(=O)COC4=CC=C(C=C4)Cl,1
662,anakinra,CC(C)(C)C(=O)OCON=C(C1=CSC(=N1)N)C(=O)NC2C3N(C2=O)C(=C(CS3)C=C)C(=O)O,1
663,darbepoetin alfa,not found,1
664,flecainide,C1CCNC(C1)CNC(=O)C2=C(C=CC(=C2)OCC(F)(F)F)OCC(F)(F)F,1
665,omalizumab,not found,0
666,ibritumomab tiuxetan,not found,0
667,pegfilgrastim,CC(C(C(=O)O)N)OC1C(C(C(C(O1)COC2(CC(C(C(O2)C(C(CO)O)O)NC(=O)CNC(=O)OCCOC)O)C(=O)O)O)O)NC(=O)C,0
668,flucytosine,C1=NC(=O)NC(=C1F)N,0
669,fludarabine,C1=NC2=C(N=C(N=C2N1C3C(C(C(O3)CO)O)O)F)N,0
670,flumazenil,CCOC(=O)C1=C2CN(C(=O)C3=C(N2C=N1)C=CC(=C3)F)C,0
671,adalimumab,not found,1
672,cetuximab,not found,0
673,bevacizumab,not found,0
674,palifermin,not found,0
675,natalizumab,not found,1
676,flurazepam,CCN(CC)CCN1C(=O)CN=C(C2=C1C=CC(=C2)Cl)C3=CC=CC=C3F,1
677,fluvoxamine,COCCCCC(=NOCCN)C1=CC=C(C=C1)C(F)(F)F,0
678,foscarnet,C(=O)(O)P(=O)(O)O,0
679,fosfomycin,CC1C(O1)P(=O)(O)O,1
680,fosinopril,CCC(=O)OC(C(C)C)OP(=O)(CCCCC1=CC=CC=C1)CC(=O)N2CC(CC2C(=O)O)C3CCCCC3,1
681,fosphenytoin,C1=CC=C(C=C1)C2(C(=O)N(C(=O)N2)COP(=O)(O)O)C3=CC=CC=C3,1
682,galsulfase,not found,0
683,abatacept,not found,1
684,alglucosidase alfa,not found,0
685,gemcitabine,C1=CN(C(=O)N=C1N)C2C(C(C(O2)CO)O)(F)F,1
686,panitumumab,not found,0
687,idursulfase,not found,0
688,certolizumab pegol,not found,0
689,eculizumab,not found,0
690,rilonacept,not found,0
691,ustekinumab,not found,0
692,romiplostim,not found,0
693,ofatumumab,not found,0
694,hydrochlorothiazide,C1NC2=CC(=C(C=C2S(=O)(=O)N1)S(=O)(=O)N)Cl,1
695,idarubicin,CC1C(C(CC(O1)OC2CC(CC3=C2C(=C4C(=C3O)C(=O)C5=CC=CC=C5C4=O)O)(C(=O)C)O)N)O,0
696,indapamide,CC1CC2=CC=CC=C2N1NC(=O)C3=CC(=C(C=C3)Cl)S(=O)(=O)N,0
697,indinavir,CC(C)(C)NC(=O)C1CN(CCN1CC(CC(CC2=CC=CC=C2)C(=O)NC3C(CC4=CC=CC=C34)O)O)CC5=CN=CC=C5,0
698,iodipamide meglumine,CNCC(C(C(C(CO)O)O)O)O.CNCC(C(C(C(CO)O)O)O)O.C1=C(C(=C(C(=C1I)NC(=O)CCCCC(=O)NC2=C(C=C(C(=C2I)C(=O)O)I)I)I)C(=O)O)I,0
699,irinotecan,CCC1=C2CN3C(=CC4=C(C3=O)COC(=O)C4(CC)O)C2=NC5=C1C=C(C=C5)OC(=O)N6CCC(CC6)N7CCCCC7,1
700,l-methionine,CSCCC(C(=O)O)N,0
701,isradipine,CC1=C(C(C(=C(N1)C)C(=O)OC(C)C)C2=CC=CC3=NON=C32)C(=O)OC,1
702,kanamycin,C1C(C(C(C(C1N)OC2C(C(C(C(O2)CN)O)O)O)O)OC3C(C(C(C(O3)CO)O)N)O)N,0
703,riboflavin,CC1=CC2=C(C=C1C)N(C3=NC(=O)NC(=O)C3=N2)CC(C(C(CO)O)O)O,0
704,lamotrigine,C1=CC(=C(C(=C1)Cl)Cl)C2=C(N=C(N=N2)N)N,1
705,l-carnitine,C[N+](C)(C)CC(CC(=O)[O-])O,0
706,levofloxacin,CC1COC2=C3N1C=C(C(=O)C3=CC(=C2N4CCN(CC4)C)F)C(=O)O,1
707,levonorgestrel,CCC12CCC3C(C1CCC2(C#C)O)CCC4=CC(=O)CCC34,0
708,lisinopril,C1CC(N(C1)C(=O)C(CCCCN)NC(CCC2=CC=CC=C2)C(=O)O)C(=O)O,1
709,loracarbef,C1CC(=C(N2C1C(C2=O)NC(=O)C(C3=CC=CC=C3)N)C(=O)O)Cl,1
710,loratadine,CCOC(=O)N1CCC(=C2C3=C(CCC4=C2N=CC=C4)C=C(C=C3)Cl)CC1,0
711,losartan,CCCCC1=NC(=C(N1CC2=CC=C(C=C2)C3=CC=CC=C3C4=NNN=N4)CO)Cl,1
712,loxapine,CN1CCN(CC1)C2=NC3=CC=CC=C3OC4=C2C=C(C=C4)Cl,0
713,mebanazine,CC(C1=CC=CC=C1)NN,1
714,mechlorethamine,CN(CCCl)CCCl,0
715,mefloquine,C1CCNC(C1)C(C2=CC(=NC3=C2C=CC=C3C(F)(F)F)C(F)(F)F)O,1
716,vitamin e,CC1=C(C2=C(CCC(O2)(C)CCCC(C)CCCC(C)CCCC(C)C)C(=C1O)C)C,0
717,melphalan,C1=CC(=CC=C1CC(C(=O)O)N)N(CCCl)CCCl,1
718,meprobamate,CCCC(C)(COC(=O)N)COC(=O)N,0
719,meropenem,CC1C2C(C(=O)N2C(=C1SC3CC(NC3)C(=O)N(C)C)C(=O)O)C(C)O,1
720,methazolamide,CC(=O)N=C1N(N=C(S1)S(=O)(=O)N)C,1
721,methoxsalen,COC1=C2C(=CC3=C1OC=C3)C=CC(=O)O2,1
722,methylphenidate,COC(=O)C(C1CCCCN1)C2=CC=CC=C2,1
723,methylscopolamine bromide,C[N+]1(C2CC(CC1C3C2O3)OC(=O)C(CO)C4=CC=CC=C4)C.[Br-],0
724,metoclopramide,CCN(CC)CCNC(=O)C1=CC(=C(C=C1OC)N)Cl,1
725,mexiletine,CC1=C(C(=CC=C1)C)OCC(C)N,1
726,midazolam,CC1=NC=C2N1C3=C(C=C(C=C3)Cl)C(=NC2)C4=CC=CC=C4F,0
727,midodrine,COC1=CC(=C(C=C1)OC)C(CNC(=O)CN)O,0
728,mirtazapine,CN1CCN2C(C1)C3=CC=CC=C3CC4=C2N=CC=C4,1
729,mitotane,C1=CC=C(C(=C1)C(C2=CC=C(C=C2)Cl)C(Cl)Cl)Cl,0
730,mitoxantrone,C1=CC(=C2C(=C1NCCNCCO)C(=O)C3=C(C=CC(=C3C2=O)O)O)NCCNCCO,1
731,moexipril,CCOC(=O)C(CCC1=CC=CC=C1)NC(C)C(=O)N2CC3=CC(=C(C=C3CC2C(=O)O)OC)OC,0
732,moxisylyte,CC1=CC(=C(C=C1OC(=O)C)C(C)C)OCCN(C)C,1
733,folic acid,C1=CC(=CC=C1C(=O)NC(CCC(=O)O)C(=O)O)NCC2=CN=C3C(=N2)C(=O)NC(=N3)N,0
734,nabumetone,CC(=O)CCC1=CC2=C(C=C1)C=C(C=C2)OC,0
735,nadolol,CC(C)(C)NCC(COC1=CC=CC2=C1CC(C(C2)O)O)O,0
736,nafcillin,CCOC1=C(C2=CC=CC=C2C=C1)C(=O)NC3C4N(C3=O)C(C(S4)(C)C)C(=O)O,1
737,nalbuphine,C1CC(C1)CN2CCC34C5C(CCC3(C2CC6=C4C(=C(C=C6)O)O5)O)O,0
738,nialamide,C1=CC=C(C=C1)CNC(=O)CCNNC(=O)C2=CC=NC=C2,1
739,nicardipine,CC1=C(C(C(=C(N1)C)C(=O)OCCN(C)CC2=CC=CC=C2)C3=CC(=CC=C3)[N+](=O)[O-])C(=O)OC,0
740,nimodipine,CC1=C(C(C(=C(N1)C)C(=O)OC(C)C)C2=CC(=CC=C2)[N+](=O)[O-])C(=O)OCCOC,0
741,niperotidine,CN(C)CC1=CC=C(O1)CSCCNC(=C[N+](=O)[O-])NCC2=CC3=C(C=C2)OCO3,1
742,nitroglycerin,C(C(CO[N+](=O)[O-])O[N+](=O)[O-])O[N+](=O)[O-],0
743,nomifensine,CN1CC(C2=C(C1)C(=CC=C2)N)C3=CC=CC=C3,1
744,norfloxacin,CCN1C=C(C(=O)C2=CC(=C(C=C21)N3CCNCC3)F)C(=O)O,1
745,nortriptyline,CNCCC=C1C2=CC=CC=C2CCC3=CC=CC=C31,1
746,octreotide,CC(C1C(=O)NC(CSSCC(C(=O)NC(C(=O)NC(C(=O)NC(C(=O)N1)CCCCN)CC2=CNC3=CC=CC=C32)CC4=CC=CC=C4)NC(=O)C(CC5=CC=CC=C5)N)C(=O)NC(CO)C(C)O)O,1
747,ondansetron,CC1=NC=CN1CC2CCC3=C(C2=O)C4=CC=CC=C4N3C,1
748,ofloxacin,CC1COC2=C3N1C=C(C(=O)C3=CC(=C2N4CCN(CC4)C)F)C(=O)O,1
749,diphenoxylate,CCOC(=O)C1(CCN(CC1)CCC(C#N)(C2=CC=CC=C2)C3=CC=CC=C3)C4=CC=CC=C4,0
750,oxacillin,CC1=C(C(=NO1)C2=CC=CC=C2)C(=O)NC3C4N(C3=O)C(C(S4)(C)C)C(=O)O,1
751,ambenonium,CC[N+](CC)(CCNC(=O)C(=O)NCC[N+](CC)(CC)CC1=CC=CC=C1Cl)CC2=CC=CC=C2Cl,0
752,papaverine,COC1=C(C=C(C=C1)CC2=NC=CC3=CC(=C(C=C32)OC)OC)OC,1
753,penbutolol,CC(C)(C)NCC(COC1=CC=CC=C1C2CCCC2)O,0
754,penicillin g,CC1(C(N2C(S1)C(C2=O)NC(=O)CC3=CC=CC=C3)C(=O)O)C,1
755,penicillin v,CC1(C(N2C(S1)C(C2=O)NC(=O)COC3=CC=CC=C3)C(=O)O)C,0
756,pentazocine,CC1C2CC3=C(C1(CCN2CC=C(C)C)C)C=C(C=C3)O,0
757,pentostatin,C1C(C(OC1N2C=NC3=C2NC=NCC3O)CO)O,1
758,perphenazine,C1CN(CCN1CCCN2C3=CC=CC=C3SC4=C2C=C(C=C4)Cl)CCO,1
759,phenelzine,C1=CC=C(C=C1)CCNN,1
760,ephedrine,CC(C(C1=CC=CC=C1)O)NC,0
761,pimozide,C1CN(CCC1N2C3=CC=CC=C3NC2=O)CCCC(C4=CC=C(C=C4)F)C5=CC=C(C=C5)F,0
762,pindolol,CC(C)NCC(COC1=CC=CC2=C1C=CN2)O,0
763,piperacillin,CCN1CCN(C(=O)C1=O)C(=O)NC(C2=CC=CC=C2)C(=O)NC3C4N(C3=O)C(C(S4)(C)C)C(=O)O,0
764,piroxicam,CN1C(=C(C2=CC=CC=C2S1(=O)=O)O)C(=O)NC3=CC=CC=N3,1
765,pirprofen,CC(C1=CC(=C(C=C1)N2CC=CC2)Cl)C(=O)O,1
766,salsalate,C1=CC=C(C(=C1)C(=O)OC2=CC=CC=C2C(=O)O)O,1
767,polythiazide,CN1C(NC2=CC(=C(C=C2S1(=O)=O)S(=O)(=O)N)Cl)CSCC(F)(F)F,0
768,probenecid,CCCN(CCC)S(=O)(=O)C1=CC=C(C=C1)C(=O)O,0
769,procainamide,CCN(CC)CCNC(=O)C1=CC=C(C=C1)N,1
770,propafenone,CCCNCC(COC1=CC=CC=C1C(=O)CCC2=CC=CC=C2)O,1
771,propranolol,CC(C)NCC(COC1=CC=CC2=CC=CC=C21)O,0
772,propofol,CC(C)C1=C(C(=CC=C1)C(C)C)O,1
773,pyrantel,CN1CCCN=C1C=CC2=CC=CS2,0
774,pyrimethamine,CCC1=C(C(=NC(=N1)N)N)C2=CC=C(C=C2)Cl,1
775,quazepam,C1C(=S)N(C2=C(C=C(C=C2)Cl)C(=N1)C3=CC=CC=C3F)CC(F)(F)F,0
776,quinapril,CCOC(=O)C(CCC1=CC=CC=C1)NC(C)C(=O)N2CC3=CC=CC=C3CC2C(=O)O,1
777,quinidine,COC1=CC2=C(C=CN=C2C=C1)C(C3CC4CCN3CC4C=C)O,1
778,ramipril,CCOC(=O)C(CCC1=CC=CC=C1)NC(C)C(=O)N2C3CCCC3CC2C(=O)O,1
779,reserpine,COC1C(CC2CN3CCC4=C(C3CC2C1C(=O)OC)NC5=C4C=CC(=C5)OC)OC(=O)C6=CC(=C(C(=C6)OC)OC)OC,0
780,ribavirin,C1=NC(=NN1C2C(C(C(O2)CO)O)O)C(=O)N,0
781,riluzole,C1=CC2=C(C=C1OC(F)(F)F)SC(=N2)N,1
782,risperidone,CC1=C(C(=O)N2CCCCC2=N1)CCN3CCC(CC3)C4=NOC5=C4C=CC(=C5)F,1
783,ritonavir,CC(C)C1=NC(=CS1)CN(C)C(=O)NC(C(C)C)C(=O)NC(CC2=CC=CC=C2)CC(C(CC3=CC=CC=C3)NC(=O)OCC4=CN=CS4)O,1
784,saquinavir,CC(C)(C)NC(=O)C1CC2CCCCC2CN1CC(C(CC3=CC=CC=C3)NC(=O)C(CC(=O)N)NC(=O)C4=NC5=CC=CC=C5C=C4)O,1
785,selegiline,CC(CC1=CC=CC=C1)N(C)CC#C,0
786,succimer,C(C(C(=O)O)S)(C(=O)O)S,1
787,sumatriptan,CNS(=O)(=O)CC1=CC2=C(C=C1)NC=C2CCN(C)C,0
788,temazepam,CN1C2=C(C=C(C=C2)Cl)C(=NC(C1=O)O)C3=CC=CC=C3,0
789,teniposide,COC1=CC(=CC(=C1O)OC)C2C3C(COC3=O)C(C4=CC5=C(C=C24)OCO5)OC6C(C(C7C(O6)COC(O7)C8=CC=CS8)O)O,1
790,terazosin,COC1=C(C=C2C(=C1)C(=NC(=N2)N3CCN(CC3)C(=O)C4CCCO4)N)OC,0
791,thiotepa,C1CN1P(=S)(N2CC2)N3CC3,1
792,timolol,CC(C)(C)NCC(COC1=NSN=C1N2CCOCC2)O,0
793,sulcotidil,not found,1
794,tolmetin,CC1=CC=C(C=C1)C(=O)C2=CC=C(N2C)CC(=O)O,1
795,tolrestat,CN(CC(=O)O)C(=S)C1=CC=CC2=C1C=CC(=C2C(F)(F)F)OC,1
796,topotecan,CCC1(C2=C(COC1=O)C(=O)N3CC4=CC5=C(C=CC(=C5CN(C)C)O)N=C4C3=C2)O,0
797,tramadol,CN(C)CC1CCCCC1(C2=CC(=CC=C2)OC)O,0
798,trandolapril,CCOC(=O)C(CCC1=CC=CC=C1)NC(C)C(=O)N2C3CCCCC3CC2C(=O)O,1
799,tranylcypromine,C1C(C1N)C2=CC=CC=C2,1
800,trazodone,C1CN(CCN1CCCN2C(=O)N3C=CC=CC3=N2)C4=CC(=CC=C4)Cl,1
801,triamterene,C1=CC=C(C=C1)C2=NC3=C(N=C(N=C3N=C2N)N)N,1
802,triazolam,CC1=NN=C2N1C3=C(C=C(C=C3)Cl)C(=NC2)C4=CC=CC=C4Cl,0
803,trihexyphenidyl,C1CCC(CC1)C(CCN2CCCCC2)(C3=CC=CC=C3)O,0
804,trimethobenzamide,CN(C)CCOC1=CC=C(C=C1)CNC(=O)C2=CC(=C(C(=C2)OC)OC)OC,0
805,trimethoprim,COC1=CC(=CC(=C1OC)OC)CC2=CN=C(N=C2N)N,1
806,fenclozic acid,C1=CC(=CC=C1C2=NC(=CS2)CC(=O)O)Cl,1
807,ebrotidine,C1=CC(=CC=C1S(=O)(=O)NC=NCCSCC2=CSC(=N2)N=C(N)N)Br,1
808,aceclofenac,C1=CC=C(C(=C1)CC(=O)OCC(=O)O)NC2=C(C=CC=C2Cl)Cl,1
809,nitrefazole,CC1=NC(=CN1C2=CC=C(C=C2)[N+](=O)[O-])[N+](=O)[O-],1
810,valaciclovir,CC(C)C(C(=O)OCCOCN1C=NC2=C1N=C(NC2=O)N)N,1
811,valsartan,CCCCC(=O)N(CC1=CC=C(C=C1)C2=CC=CC=C2C3=NNN=N3)C(C(C)C)C(=O)O,1
812,tetrabamate,CCCCCOC(CN1C(=O)C(C(=O)N(C1=O)CC(COCCCC)OC(=O)N)(CC)C2=CC=CC=C2)OC(=O)N.CCCCOCC(CN1C(=O)C(C(=O)NC1=O)(CC)C2=CC=CC=C2)OC(=O)N.CCC1(C(=O)NC(=O)NC1=O)C2=CC=CC=C2,1
813,vincristine,CCC1(CC2CC(C3=C(CCN(C2)C1)C4=CC=CC=C4N3)(C5=C(C=C6C(=C5)C78CCN9C7C(C=CC9)(C(C(C8N6C=O)(C(=O)OC)O)OC(=O)C)CC)OC)C(=O)OC)O,1
814,xenazoic acid,CCOC(C(=O)C1=CC=C(C=C1)C2=CC=CC=C2)NC3=CC=C(C=C3)C(=O)O,1
815,zafirlukast,CC1=CC=CC=C1S(=O)(=O)NC(=O)C2=CC(=C(C=C2)CC3=CN(C4=C3C=C(C=C4)NC(=O)OC5CCCC5)C)OC,1
816,falnidamol ,CN1CCC(CC1)NC2=NC=C3C(=N2)C(=NC=N3)NC4=CC(=C(C=C4)F)Cl,1
817,zimelidine,CN(C)CC=C(C1=CC=C(C=C1)Br)C2=CN=CC=C2,1
818,caffeine,CN1C=NC2=C1C(=O)N(C(=O)N2C)C,0
819,capreomycin,CC1C(=O)NC(C(=O)NC(=CNC(=O)N)C(=O)NC(C(=O)NCC(C(=O)N1)N)C2CCNC(=N2)N)CNC(=O)CC(CCCN)N.C1CNC(=NC1C2C(=O)NCC(C(=O)NC(C(=O)NC(C(=O)NC(=CNC(=O)N)C(=O)N2)CNC(=O)CC(CCCN)N)CO)N)N,0
820,lidocaine,CCN(CC)CC(=O)NC1=C(C=CC=C1C)C,0
821,memantine,CC12CC3CC(C1)(CC(C3)(C2)N)C,1
822,pamidronate,C(CN)C(O)(P(=O)(O)O)P(=O)(O)O,0
823,quinine,COC1=CC2=C(C=CN=C2C=C1)C(C3CC4CCN3CC4C=C)O,1
824,rosuvastatin,CC(C)C1=NC(=NC(=C1C=CC(CC(CC(=O)O)O)O)C2=CC=C(C=C2)F)N(C)S(=O)(=O)C,1
825,sulfamethizole,CC1=NN=C(S1)NS(=O)(=O)C2=CC=C(C=C2)N,1
826,telithromycin,CCC1C2(C(C(C(=O)C(CC(C(C(C(=O)C(C(=O)O1)C)C)OC3C(C(CC(O3)C)N(C)C)O)(C)OC)C)C)N(C(=O)O2)CCCCN4C=C(N=C4)C5=CN=CC=C5)C,1
827,entacapone,CCN(CC)C(=O)C(=CC1=CC(=C(C(=C1)O)O)[N+](=O)[O-])C#N,1
828,valdecoxib,CC1=C(C(=NO1)C2=CC=CC=C2)C3=CC=C(C=C3)S(=O)(=O)N,1
829,dexpanthenol,CC(C)(CO)C(C(=O)NCCCO)O,0
830,scopolamine,CN1C2CC(CC1C3C2O3)OC(=O)C(CO)C4=CC=CC=C4,0
831,pyridoxine,CC1=NC=C(C(=C1O)CO)CO,0
832,thiamine,CC1=C(SC=[N+]1CC2=CN=C(N=C2N)C)CCO,0
833,cyanocobalamin,CC1=CC2=C(C=C1C)N(C=N2)C3C(C(C(O3)CO)OP(=O)([O-])OC(C)CNC(=O)CCC4(C(C5C6(C(C(C(=C(C7=NC(=CC8=NC(=C(C4=N5)C)C(C8(C)C)CCC(=O)N)C(C7(C)CC(=O)N)CCC(=O)N)C)[N-]6)CCC(=O)N)(C)CC(=O)N)C)CC(=O)N)C)O.[C-]#N.[Co+3],0
834,cromoglicate,C1=CC2=C(C(=C1)OCC(COC3=CC=CC4=C3C(=O)C=C(O4)C(=O)O)O)C(=O)C=C(O2)C(=O)O,1
835,montelukast,CC(C)(C1=CC=CC=C1CCC(C2=CC=CC(=C2)C=CC3=NC4=C(C=CC(=C4)Cl)C=C3)SCC5(CC5)CC(=O)O)O,1
836,moxifloxacin,COC1=C2C(=CC(=C1N3CC4CCCNC4C3)F)C(=O)C(=CN2C5CC5)C(=O)O,1
837,vitamin c,C(C(C1C(=C(C(=O)O1)O)O)O)O,0
838,sorbitol,C(C(C(C(C(CO)O)O)O)O)O,0
839,capecitabine,CCCCCOC(=O)NC1=NC(=O)N(C=C1F)C2C(C(C(O2)C)O)O,0
840,leuprolide,CCNC(=O)C1CCCN1C(=O)C(CCCN=C(N)N)NC(=O)C(CC(C)C)NC(=O)C(CC(C)C)NC(=O)C(CC2=CC=C(C=C2)O)NC(=O)C(CO)NC(=O)C(CC3=CNC4=CC=CC=C43)NC(=O)C(CC5=CN=CN5)NC(=O)C6CCC(=O)N6,1
841,eletriptan,CN1CCCC1CC2=CNC3=C2C=C(C=C3)CCS(=O)(=O)C4=CC=CC=C4,0
842,hydroxychloroquine,CCN(CCCC(C)NC1=C2C=CC(=CC2=NC=C1)Cl)CCO,1
843,ximelagatran,CCOC(=O)CNC(C1CCCCC1)C(=O)N2CCC2C(=O)NCC3=CC=C(C=C3)C(=NO)N,1
844,duloxetine,CNCCC(C1=CC=CS1)OC2=CC=CC3=CC=CC=C32,1
845,carisoprodol,CCCC(C)(COC(=O)N)COC(=O)NC(C)C,0
846,dicloxacillin,CC1=C(C(=NO1)C2=C(C=CC=C2Cl)Cl)C(=O)NC3C4N(C3=O)C(C(S4)(C)C)C(=O)O,1
847,metolazone,CC1NC2=CC(=C(C=C2C(=O)N1C3=CC=CC=C3C)S(=O)(=O)N)Cl,0
848,pamabrom,CC(C)(CO)N.CN1C2=C(C(=O)N(C1=O)C)NC(=N2)Br,0
849,dextromethorphan,CN1CCC23CCCCC2C1CC4=C3C=C(C=C4)OC,0
850,bacitracin,not found,0
851,paromomycin,C1C(C(C(C(C1N)OC2C(C(C(C(O2)CO)O)O)N)OC3C(C(C(O3)CO)OC4C(C(C(C(O4)CN)O)O)N)O)O)N,0
852,telmisartan,CCCC1=NC2=C(N1CC3=CC=C(C=C3)C4=CC=CC=C4C(=O)O)C=C(C=C2C)C5=NC6=CC=CC=C6N5C,1
853,ammonium chloride,[NH4+].[Cl-],0
854,amiloride,C1(=C(N=C(C(=N1)Cl)N)N)C(=O)N=C(N)N,1
855,methysergide,CCC(CO)NC(=O)C1CN(C2CC3=CN(C4=CC=CC(=C34)C2=C1)C)C,0
856,methylergonovine,CCC(CO)NC(=O)C1CN(C2CC3=CNC4=CC=CC(=C34)C2=C1)C,0
857,brompheniramine,CN(C)CCC(C1=CC=C(C=C1)Br)C2=CC=CC=N2,0
858,l-arginine,C(CC(C(=O)O)N)CN=C(N)N,0
859,pyridostigmine,C[N+]1=CC=CC(=C1)OC(=O)N(C)C,0
860,phenoxybenzamine,CC(COC1=CC=CC=C1)N(CCCl)CC2=CC=CC=C2,0
861,oxybutynin,CCN(CC)CC#CCOC(=O)C(C1CCCCC1)(C2=CC=CC=C2)O,0
862,orphenadrine,CC1=CC=CC=C1C(C2=CC=CC=C2)OCCN(C)C,0
863,loperamide,CN(C)C(=O)C(CCN1CCC(CC1)(C2=CC=C(C=C2)Cl)O)(C3=CC=CC=C3)C4=CC=CC=C4,0
864,isoxsuprine,CC(COC1=CC=CC=C1)NC(C)C(C2=CC=C(C=C2)O)O,0
865,glafenine,C1=CC=C(C(=C1)C(=O)OCC(CO)O)NC2=C3C=CC(=CC3=NC=C2)Cl,1
866,acetylcholine chloride,CC(=O)OCC[N+](C)(C)C.[Cl-],0
867,amphetamine,CC(CC1=CC=CC=C1)N,1
868,mepazine,CN1CCCC(C1)CN2C3=CC=CC=C3SC4=CC=CC=C42,1
869,nandrolone decanoate,CCCCCCCCCC(=O)OC1CCC2C1(CCC3C2CCC4=CC(=O)CCC34)C,1
870,auranofin,CCP(CC)CC.CC(=O)OCC1C(C(C(C(O1)[S-])OC(=O)C)OC(=O)C)OC(=O)C.[Au+],1
871,simethicone,CO[Si](C)(C)O[Si](C)(C)C.O=[Si]=O,0
872,betaine,C[N+](C)(C)CC(=O)[O-],0
873,bisacodyl,CC(=O)OC1=CC=C(C=C1)C(C2=CC=C(C=C2)OC(=O)C)C3=CC=CC=N3,0
874,leucovorin,C1C(N(C2=C(N1)N=C(NC2=O)N)C=O)CNC3=CC=C(C=C3)C(=O)NC(CCC(=O)O)C(=O)O,0
875,lapatinib,CS(=O)(=O)CCNCC1=CC=C(O1)C2=CC3=C(C=C2)N=CN=C3NC4=CC(=C(C=C4)OCC5=CC(=CC=C5)F)Cl,1
876,oseltamivir,CCC(CC)OC1C=C(CC(C1NC(=O)C)N)C(=O)OCC,0
877,alaproclate,CC(C(=O)OC(C)(C)CC1=CC=C(C=C1)Cl)N,1
878,orlistat,CCCCCCCCCCCC(CC1C(C(=O)O1)CCCCCC)OC(=O)C(CC(C)C)NC=O,1
879,apomorphine,CN1CCC2=C3C1CC4=C(C3=CC=C2)C(=C(C=C4)O)O,0
880,dihydroergotamine,CC1(C(=O)N2C(C(=O)N3CCCC3C2(O1)O)CC4=CC=CC=C4)NC(=O)C5CC6C(CC7=CNC8=CC=CC6=C78)N(C5)C,0
881,procyclidine,C1CCC(CC1)C(CCN2CCCC2)(C3=CC=CC=C3)O,0
882,clemastine,CC(C1=CC=CC=C1)(C2=CC=C(C=C2)Cl)OCCC3CCCN3C,0
883,tenofovir,CC(CN1C=NC2=C(N=CN=C21)N)OCP(=O)(O)O,1
884,norethindrone acetate,CC(=O)OC1(CCC2C1(CCC3C2CCC4=CC(=O)CCC34)C)C#C,0
885,exametazime,CC(C(=NO)C)NCC(C)(C)CNC(C)C(=NO)C,0
886,erythropoietin,CCCCC1=NC(=C(N1CC2=CC=C(C=C2)C3=CC=CC=C3C4=NN=N[N-]4)CO)Cl.[K+],0
887,Argipressin,C1CC(N(C1)C(=O)C2CSSCC(C(=O)NC(C(=O)NC(C(=O)NC(C(=O)NC(C(=O)N2)CC(=O)N)CCC(=O)N)CC3=CC=CC=C3)CC4=CC=C(C=C4)O)N)C(=O)NC(CCCN=C(N)N)C(=O)NCC(=O)N,0
888,sodium bicarbonate,C(=O)(O)[O-].[Na+],0
889,plerixafor,C1CNCCNCCCN(CCNC1)CC2=CC=C(C=C2)CN3CCCNCCNCCCNCC3,0
890,tyramine,C1=CC(=CC=C1CCN)O,0
891,Hetastarch,CC1C(C(C(C(O1)CO)OC2C(C(C(C(O2)COC3C(C(C(C(O3)CO)OC)O)O)OC4C(C(C(C(O4)CO)OC)O)OCCO)O)O)O)O,0
892,imiglucerase,not found,0
893,agalsidase beta,not found,0
894,gadolinium ethoxybenzyl DTPA,CCOC1=CC=C(C=C1)CC(CN(CCN(CC(=O)[O-])CC(=O)[O-])CC(=O)[O-])N(CC(=O)[O-])CC(=O)[O-].[Na+].[Na+].[Gd+3],0
895,canakinumab,not found,1
896,Levoleucovorin,C1C(N(C2=C(N1)N=C(NC2=O)N)C=O)CNC3=CC=C(C=C3)C(=O)NC(CCC(=O)O)C(=O)O,0
897,levomefolate calcium,CN1C(CNC2=C1C(=O)NC(=N2)N)CNC3=CC=C(C=C3)C(=O)NC(CCC(=O)[O-])C(=O)[O-].[Ca+2],0
898,sitaxsentan,CC1=CC2=C(C=C1CC(=O)C3=C(C=CS3)S(=O)(=O)NC4=C(C(=NO4)C)Cl)OCO2,1
899,dexmethylphenidate,COC(=O)C(C1CCCCN1)C2=CC=CC=C2,1
900,hyaluronidase recombinant human,not found,0
901,Androgenic steroids*,not found,1
902,Floxuridine,C1C(C(OC1N2C=C(C(=O)NC2=O)F)CO)O,1
903,Flucloxacillin,CC1=C(C(=NO1)C2=C(C=CC=C2Cl)F)C(=O)NC3C4N(C3=O)C(C(S4)(C)C)C(=O)O,1
904,Halothane,C(C(F)(F)F)(Cl)Br,1
905,Peginterferon,not found,1
906,Sulfonamides*,not found,1
907,Acetohexamide,CC(=O)C1=CC=C(C=C1)S(=O)(=O)NC(=O)NC2CCCCC2,1
908,Dabigatran,CN1C2=C(C=C(C=C2)C(=O)N(CCC(=O)O)C3=CC=CC=N3)N=C1CNC4=CC=C(C=C4)C(=N)N,1
909,Gliclazide,CC1=CC=C(C=C1)S(=O)(=O)NC(=O)NN2CC3CCCC3C2,1
910,Imipenem,CC(C1C2CC(=C(N2C1=O)C(=O)O)SCCN=CN)O,1
911,Lopinavir,CC1=C(C(=CC=C1)C)OCC(=O)NC(CC2=CC=CC=C2)C(CC(CC3=CC=CC=C3)NC(=O)C(C(C)C)N4CCCNC4=O)O,1
912,Molindone,CCC1=C(NC2=C1C(=O)C(CC2)CN3CCOCC3)C,1
913,Plicamycin,CC1C(C(CC(O1)OC2CC(OC(C2O)C)OC3=CC4=CC5=C(C(=O)C(C(C5)C(C(=O)C(C(C)O)O)OC)OC6CC(C(C(O6)C)O)OC7CC(C(C(O7)C)O)OC8CC(C(C(O8)C)O)(C)O)C(=C4C(=C3C)O)O)O)O,1
914,Rilpivirine,CC1=CC(=CC(=C1NC2=NC(=NC=C2)NC3=CC=C(C=C3)C#N)C)C=CC#N,1
915,Tibolone,CC1CC2=C(CCC(=O)C2)C3C1C4CCC(C4(CC3)C)(C#C)O,1
916,Tobramycin,C1C(C(C(C(C1N)OC2C(C(C(C(O2)CO)O)N)O)O)OC3C(CC(C(O3)CN)O)N)N,1
917,Vismodegib,CS(=O)(=O)C1=CC(=C(C=C1)C(=O)NC2=CC(=C(C=C2)Cl)C3=CC=CC=N3)Cl,1
918,Hydrocodone,CN1CCC23C4C1CC5=C2C(=C(C=C5)OC)OC3C(=O)CC4,0
919,Zalcitabine,C1CC(OC1CO)N2C=CC(=NC2=O)N,0
920,Acrivastine,CC1=CC=C(C=C1)C(=CCN2CCCC2)C3=CC=CC(=N3)C=CC(=O)O,0
921,Amobarbital,CCC1(C(=O)NC(=O)NC1=O)CCC(C)C,0
922,Artemether,CC1CCC2C(C(OC3C24C1CCC(O3)(OO4)C)OC)C,0
923,Bitolterol,CC1=CC=C(C=C1)C(=O)OC2=C(C=C(C=C2)C(CNC(C)(C)C)O)OC(=O)C3=CC=C(C=C3)C,0
924,Butalbital,CC(C)CC1(C(=O)NC(=O)NC1=O)CC=C,0
925,Butobarbital,CCCCC1(C(=O)NC(=O)NC1=O)CC,0
926,Carmustine,C(CCl)NC(=O)N(CCCl)N=O,0
927,Chloral hydrate,C(C(Cl)(Cl)Cl)(O)O,0
928,Chlortetracycline,CC1(C2CC3C(C(=O)C(=C(C3(C(=O)C2=C(C4=C(C=CC(=C41)Cl)O)O)O)O)C(=O)N)N(C)C)O,0
929,Cilastatin,CC1(CC1C(=O)NC(=CCCCCSCC(C(=O)O)N)C(=O)O)C,0
930,Cisapride,COC1CN(CCC1NC(=O)C2=CC(=C(C=C2OC)N)Cl)CCCOC3=CC=C(C=C3)F,0
931,Cobicistat,CC(C)C1=NC(=CS1)CN(C)C(=O)NC(CCN2CCOCC2)C(=O)NC(CCC(CC3=CC=CC=C3)NC(=O)OCC4=CN=CS4)CC5=CC=CC=C5,0
932,Docusate,CCCCC(CC)COC(=O)CC(C(=O)OCC(CC)CCCC)S(=O)(=O)O,0
933,Ergotamine,CC1(C(=O)N2C(C(=O)N3CCCC3C2(O1)O)CC4=CC=CC=C4)NC(=O)C5CN(C6CC7=CNC8=CC=CC(=C78)C6=C5)C,0
934,Ethacrynate,CCC(=C)C(=O)C1=C(C(=C(C=C1)OCC(=O)O)Cl)Cl,0
935,Fentanyl,CCC(=O)N(C1CCN(CC1)CCC2=CC=CC=C2)C3=CC=CC=C3,0
936,Formoterol,CC(CC1=CC=C(C=C1)OC)NCC(C2=CC(=C(C=C2)O)NC=O)O,0
937,Gentamicin,CC(C1CCC(C(O1)OC2C(CC(C(C2O)OC3C(C(C(CO3)(C)O)NC)O)N)N)N)NC,0
938,Homatropine,CN1C2CCC1CC(C2)OC(=O)C(C3=CC=CC=C3)O,0
939,Hyoscyamine,CN1C2CCC1CC(C2)OC(=O)C(CO)C3=CC=CC=C3,0
940,Ipratropium,CC(C)[N+]1(C2CCC1CC(C2)OC(=O)C(CO)C3=CC=CC=C3)C,0
941,Levamisole,C1CSC2=NC(CN21)C3=CC=CC=C3,0
942,Levodopa,C1=CC(=C(C=C1CC(C(=O)O)N)O)O,0
943,Liraglutide,CCCCCCCCCCCCCCCC(=O)NC(CCC(=O)NCCCCC(C(=O)NC(CCC(=O)O)C(=O)NC(CC1=CC=CC=C1)C(=O)NC(C(C)CC)C(=O)NC(C)C(=O)NC(CC2=CNC3=CC=CC=C32)C(=O)NC(CC(C)C)C(=O)NC(C(C)C)C(=O)NC(CCCNC(=N)N)C(=O)NCC(=O)NC(CCCNC(=N)N)C(=O)NCC(=O)O)NC(=O)C(C)NC(=O)C(C)NC(=O)C(CCC(=O)N)NC(=O)CNC(=O)C(CCC(=O)O)NC(=O)C(CC(C)C)NC(=O)C(CC4=CC=C(C=C4)O)NC(=O)C(CO)NC(=O)C(CO)NC(=O)C(C(C)C)NC(=O)C(CC(=O)O)NC(=O)C(CO)NC(=O)C(C(C)O)NC(=O)C(CC5=CC=CC=C5)NC(=O)C(C(C)O)NC(=O)CNC(=O)C(CCC(=O)O)NC(=O)C(C)NC(=O)C(CC6=CN=CN6)N)C(=O)O,0
944,Nalmefene,C=C1CCC2(C3CC4=C5C2(C1OC5=C(C=C4)O)CCN3CC6CC6)O,0
945,Pegaptanib,COCCOC(=O)NCCCCC(C(=O)NCCCCCCCOP(=O)(C)O)NC(=O)OCCOC,0
946,Proguanil,CC(C)N=C(N)N=C(N)NC1=CC=C(C=C1)Cl,0
947,Salmeterol,C1=CC=C(C=C1)CCCCOCCCCCCNCC(C2=CC(=C(C=C2)O)CO)O,0
948,Tazobactam,CC1(C(N2C(S1(=O)=O)CC2=O)C(=O)O)CN3C=CN=N3,0
949,Thiopental,CCCC(C)C1(C(=O)NC(=S)NC1=O)CC,0
950,Ticarcillin,CC1(C(N2C(S1)C(C2=O)NC(=O)C(C3=CSC=C3)C(=O)O)C(=O)O)C,0
951,Tiotropium,C[N+]1(C2CC(CC1C3C2O3)OC(=O)C(C4=CC=CS4)(C5=CC=CS5)O)C,0
952,Zanamivir,CC(=O)NC1C(C=C(OC1C(C(CO)O)O)C(=O)O)N=C(N)N,0
953,ACEMETACIN,CC1=C(C2=C(N1C(=O)C3=CC=C(C=C3)Cl)C=CC(=C2)OC)CC(=O)OCC(=O)O,1
954,ACETARSOL,CC(=O)NC1=C(C=CC(=C1)[As](=O)(O)O)O,1
955,Alatrofloxacin,CC(C(=O)NC(C)C(=O)NC1C2C1CN(C2)C3=C(C=C4C(=O)C(=CN(C4=N3)C5=C(C=C(C=C5)F)F)C(=O)O)F)N,1
956,Alimemazine,CC(CN1C2=CC=CC=C2SC3=CC=CC=C31)CN(C)C,1
957,ANDROSTANOLONE,CC12CCC(=O)CC1CCC3C2CCC4(C3CCC4O)C,1
958,Antithymocyte Immunoglobulin,not found,1
959,Artemisinin,CC1CCC2C(C(=O)OC3C24C1CCC(O3)(OO4)C)C,1
960,Artesunate,CC1CCC2C(C(OC3C24C1CCC(O3)(OO4)C)OC(=O)CCC(=O)O)C,1
961,bendazolic acid,C1=CC=C(C=C1)CN2C3=CC=CC=C3C(=N2)OCC(=O)O,1
962,Bupivacaine,CCCCN1CCCCC1C(=O)NC2=C(C=CC=C2C)C,1
963,CALCIUM CARBIMIDE,C(=[N-])=[N-].[Ca+2],1
964,CARBIMAZOLE,CCOC(=O)N1C=CN(C1=S)C,1
965,Cerivastatin,CC(C)C1=C(C(=C(C(=N1)C(C)C)COC)C2=CC=C(C=C2)F)C=CC(CC(CC(=O)O)O)O,1
966,CILAZAPRIL,CCOC(=O)C(CCC1=CC=CC=C1)NC2CCCN3CCCC(N3C2=O)C(=O)O,1
967,CINITAPRIDE,CCOC1=CC(=C(C=C1C(=O)NC2CCN(CC2)CC3CCC=CC3)[N+](=O)[O-])N,1
968,Clomacron,not found,1
969,CLOMETHIAZOLE,CC1=C(SC=N1)CCCl,1
970,CLOTIAZEPAM,CCC1=CC2=C(S1)N(C(=O)CN=C2C3=CC=CC=C3Cl)C,1
971,COCAINE,CN1C2CCC1C(C(C2)OC(=O)C3=CC=CC=C3)C(=O)OC,1
972,CYPROTERONE,CC(=O)C1(CCC2C1(CCC3C2C=C(C4=CC(=O)C5CC5C34C)Cl)C)O,1
973,Dehydroepiandrosterone,CC12CCC3C(C1CCC2=O)CC=C4C3(CCC(C4)O)C,1
974,Desflurane,C(C(F)(F)F)(OC(F)F)F,1
975,DEXKETOPROFEN,CC(C1=CC(=CC=C1)C(=O)C2=CC=CC=C2)C(=O)O,1
976,Diacetoxydiphenolisatin,not found,1
977,DICOUMAROL,C1=CC=C2C(=C1)C(=C(C(=O)O2)CC3=C(C4=CC=CC=C4OC3=O)O)O,1
978,EBASTINE,CC(C)(C)C1=CC=C(C=C1)C(=O)CCCN2CCC(CC2)OC(C3=CC=CC=C3)C4=CC=CC=C4,1
979,ENFLURANE,C(C(OC(F)F)(F)F)(F)Cl,1
980,ESTRIOL,CC12CCC3C(C1CC(C2O)O)CCC4=C3C=CC(=C4)O,1
981,Ethinylestradiol,CC12CCC3C(C1CCC2(C#C)O)CCC4=C3C=CC(=C4)O,1
982,ETRETINATE,CCOC(=O)C=C(C)C=CC=C(C)C=CC1=C(C(=C(C=C1C)OC)C)C,1
983,FLUPENTIXOL,C1CN(CCN1CCC=C2C3=CC=CC=C3SC4=C2C=C(C=C4)C(F)(F)F)CCO,1
984,Fusidic Acid,CC1C2CCC3(C(C2(CCC1O)C)C(CC4C3(CC(C4=C(CCC=C(C)C)C(=O)O)OC(=O)C)C)O)C,1
985,Gemtuzumab,not found,1
986,GLUCOSAMINE,C(C1C(C(C(C(O1)O)N)O)O)O,1
987,Growth Hormone,not found,1
988,Interferon Unspecified,not found,1
989,Interferon-Beta-1a,not found,1
990,interferon-Beta-1b,not found,1
991,Ioxaglate And Meglumine,not found,1
992,Isaxonine phosphate,CC(C)NC1=NC=CC=N1.OP(=O)(O)O,1
993,JOSAMYCIN,CC1CC=CC=CC(C(CC(C(C(C(CC(=O)O1)OC(=O)C)OC)OC2C(C(C(C(O2)C)OC3CC(C(C(O3)C)OC(=O)CC(C)C)(C)O)N(C)C)O)CC=O)C)O,1
994,LEVOMEPROMAZINE,CC(CN1C2=CC=CC=C2SC3=C1C=C(C=C3)OC)CN(C)C,1
995,Melperone,CC1CCN(CC1)CCCC(=O)C2=CC=C(C=C2)F,1
996,METAMIZOLE,CC1=C(C(=O)N(N1C)C2=CC=CC=C2)N(C)CS(=O)(=O)O,1
997,Methoxyflurane,COC(C(Cl)Cl)(F)F,1
998,Methylene Dioxymethamphetamine,not found,1
999,NIFLUMIC ACID,C1=CC(=CC(=C1)NC2=C(C=CC=N2)C(=O)O)C(F)(F)F,1
1000,Oxyiminoalkanoic acid derivative,not found,1
1001,Peginterferon-Alfa-2a,not found,1
1002,PENICILLIN,CC1(C(N2C(S1)C(C2=O)NC(=O)CC3=CC=CC=C3)C(=O)O)C,1
1003,Phenisatin,CC(=O)N1C2=CC=CC=C2C(C1=O)(C3=CC=C(C=C3)OC(=O)C)C4=CC=C(C=C4)OC(=O)C,1
1004,Pivmecillinam,CC1(C(N2C(S1)C(C2=O)N=CN3CCCCCC3)C(=O)OCOC(=O)C(C)(C)C)C,1
1005,RITODRINE,CC(C(C1=CC=C(C=C1)O)O)NCCC2=CC=C(C=C2)O,1
1006,ROFECOXIB,CS(=O)(=O)C1=CC=C(C=C1)C2=C(C(=O)OC2)C3=CC=CC=C3,1
1007,ROXITHROMYCIN,CCC1C(C(C(C(=NOCOCCOC)C(CC(C(C(C(C(C(=O)O1)C)OC2CC(C(C(O2)C)O)(C)OC)C)OC3C(C(CC(O3)C)N(C)C)O)(C)O)C)C)O)(C)O,1
1008,STANOZOLOL,CC12CCC3C(C1CCC2(C)O)CCC4C3(CC5=C(C4)NN=C5)C,1
1009,STREPTOKINASE,not found,1
1010,Suloctidil,CCCCCCCCNC(C)C(C1=CC=C(C=C1)SC(C)C)O,1
1011,TACRINE,C1CCC2=NC3=CC=CC=C3C(=C2C1)N,1
1012,TENOXICAM,CN1C(=C(C2=C(S1(=O)=O)C=CS2)O)C(=O)NC3=CC=CC=N3,1
1013,TIRATRICOL,C1=CC(=C(C=C1OC2=C(C=C(C=C2I)CC(=O)O)I)I)O,1
1014,TRIPTORELIN,CC(C)CC(C(=O)NC(CCCN=C(N)N)C(=O)N1CCCC1C(=O)NCC(=O)N)NC(=O)C(CC2=CNC3=CC=CC=C32)NC(=O)C(CC4=CC=C(C=C4)O)NC(=O)C(CO)NC(=O)C(CC5=CNC6=CC=CC=C65)NC(=O)C(CC7=CN=CN7)NC(=O)C8CCC(=O)N8,1
1015,phenacetin,CCOC1=CC=C(C=C1)NC(=O)C,1
1016,bithionol,C1=C(C=C(C(=C1SC2=C(C(=CC(=C2)Cl)Cl)O)O)Cl)Cl,1
1017,hexachlorophene,C1=C(C(=C(C(=C1Cl)Cl)CC2=C(C(=CC(=C2Cl)Cl)Cl)O)O)Cl,1
1018,methapyrilene,CN(C)CCN(CC1=CC=CS1)C2=CC=CC=N2,1
1019,tripelennamine,CN(C)CCN(CC1=CC=CC=C1)C2=CC=CC=N2,1
1020,oxyquinoline,C1=CC2=C(C(=C1)O)N=CC=C2,1
1021,meticillin,CC1(C(N2C(S1)C(C2=O)NC(=O)C3=C(C=CC=C3OC)OC)C(=O)O)C,1
1022,amsacrine,COC1=C(C=CC(=C1)NS(=O)(=O)C)NC2=C3C=CC=CC3=NC4=CC=CC=C42,1
1023,furazolidone,C1COC(=O)N1N=CC2=CC=C(O2)[N+](=O)[O-],1
1024,hycanthone,CCN(CC)CCNC1=C2C(=C(C=C1)CO)SC3=CC=CC=C3C2=O,1
1025,idoxuridine,C1C(C(OC1N2C=C(C(=O)NC2=O)I)CO)O,1
1026,novobiocin,CC1=C(C=CC2=C1OC(=O)C(=C2O)NC(=O)C3=CC(=C(C=C3)O)CC=C(C)C)OC4C(C(C(C(O4)(C)C)OC)OC(=O)N)O,1
1027,tianeptine,CN1C2=CC=CC=C2C(C3=C(S1(=O)=O)C=C(C=C3)Cl)NCCCCCCC(=O)O,1
1028,methacycline,CN(C)C1C2C(C3C(=C)C4=C(C(=CC=C4)O)C(=C3C(=O)C2(C(=C(C1=O)C(=O)N)O)O)O)O,1
1029,bepridil,CC(C)COCC(CN(CC1=CC=CC=C1)C2=CC=CC=C2)N3CCCC3,1
1030,betahistine,CNCCC1=CC=CC=N1,1
1031,ciprofibrate,CC(C)(C(=O)O)OC1=CC=C(C=C1)C2CC2(Cl)Cl,1
1032,diethylcarbamazine,CCN(CC)C(=O)N1CCN(CC1)C,1
1033,fenoterol,CC(CC1=CC=C(C=C1)O)NCC(C2=CC(=CC(=C2)O)O)O,1
1034,phenylbutazone,CCCCC1C(=O)N(N(C1=O)C2=CC=CC=C2)C3=CC=CC=C3,1
1035,ethynodiol diacetate,CC(=O)OC1CCC2C3CCC4(C(C3CCC2=C1)CCC4(C#C)OC(=O)C)C,1
1036,atractyloside,CC(C)CC(=O)OC1C(C(C(OC1OC2CC(C3CCC45CC(CCC4C3(C2)C)C(=C)C5O)C(=O)O)CO)OS(=O)(=O)[O-])OS(=O)(=O)[O-].[K+].[K+],1
1037,temafloxacin,CC1CN(CCN1)C2=C(C=C3C(=C2)N(C=C(C3=O)C(=O)O)C4=C(C=C(C=C4)F)F)F,1
1038,cefamandole,CN1C(=NN=N1)SCC2=C(N3C(C(C3=O)NC(=O)C(C4=CC=CC=C4)O)SC2)C(=O)O,1
1039,amodiaquine,CCN(CC)CC1=C(C=CC(=C1)NC2=C3C=CC(=CC3=NC=C2)Cl)O,1
1040,glutethimide,CCC1(CCC(=O)NC1=O)C2=CC=CC=C2,1
1041,sulfanilamide,C1=CC(=CC=C1N)S(=O)(=O)N,1
1042,2-acetylaminofluorene,CC(=O)NC1=CC2=C(C=C1)C3=CC=CC=C3C2,1
1043,demecarium bromide,CN(CCCCCCCCCCN(C)C(=O)OC1=CC=CC(=C1)[N+](C)(C)C)C(=O)OC2=CC=CC(=C2)[N+](C)(C)C.[Br-].[Br-],1
1044,cefalotin,CC(=O)OCC1=C(N2C(C(C2=O)NC(=O)CC3=CC=CS3)SC1)C(=O)O,1
1045,uracil mustard,C1=C(C(=O)NC(=O)N1)N(CCCl)CCCl,1
1046,methylphenobarbital,CCC1(C(=O)NC(=O)N(C1=O)C)C2=CC=CC=C2,1
1047,acenocoumarol,CC(=O)CC(C1=CC=C(C=C1)[N+](=O)[O-])C2=C(C3=CC=CC=C3OC2=O)O,1
1048,1-naphthylisothiocyanate,C1=CC=C2C(=C1)C=CC=C2N=C=S,1
1049,aflatoxin b1,COC1=C2C3=C(C(=O)CC3)C(=O)OC2=C4C5C=COC5OC4=C1,1
1050,indacrinone,CC1(CC2=CC(=C(C(=C2C1=O)Cl)Cl)OCC(=O)O)C3=CC=CC=C3,1
1051,cefotiam,CN(C)CCN1C(=NN=N1)SCC2=C(N3C(C(C3=O)NC(=O)CC4=CSC(=N4)N)SC2)C(=O)O,1
1052,troleandomycin,CC1CC(C(C(O1)OC2C(CC3(CO3)C(=O)C(C(C(C(OC(=O)C(C(C2C)OC4CC(C(C(O4)C)OC(=O)C)OC)C)C)C)OC(=O)C)C)C)OC(=O)C)N(C)C,1
1053,perhexiline maleate,C1CCC(CC1)C(CC2CCCCN2)C3CCCCC3.C(=CC(=O)O)C(=O)O,1
1054,ciglitazone,CC1(CCCCC1)COC2=CC=C(C=C2)CC3C(=O)NC(=O)S3,1
1055,fluspirilene,C1CN(CCC12C(=O)NCN2C3=CC=CC=C3)CCCC(C4=CC=C(C=C4)F)C5=CC=C(C=C5)F,1
1056,norgestrel,CCC12CCC3C(C1CCC2(C#C)O)CCC4=CC(=O)CCC34,1
1057,carbon tetrachloride,C(Cl)(Cl)(Cl)Cl,1
1058,aurothioglucose,C(C1C(C(C(C(O1)[S-])O)O)O)O.[Au+],1
1059,phenothiazine,C1=CC=C2C(=C1)NC3=CC=CC=C3S2,1
1060,allyl alcohol,C=CCO,1
1061,bromobenzene,C1=CC=C(C=C1)Br,1
1062,azatadine,CN1CCC(=C2C3=CC=CC=C3CCC4=C2N=CC=C4)CC1,1
1063,allyl formate,C=CCOC=O,1
1064,tauroursodeoxycholic acid,CC(CCC(=O)NCCS(=O)(=O)O)C1CCC2C1(CCC3C2C(CC4C3(CCC(C4)O)C)O)C,1
1065,octylmethoxycinnamate,not found,1
1066,ketotifen,CN1CCC(=C2C3=C(C(=O)CC4=CC=CC=C42)SC=C3)CC1,0
1067,permethrin,CC1(C(C1C(=O)OCC2=CC(=CC=C2)OC3=CC=CC=C3)C=C(Cl)Cl)C,0
1068,oxyphenonium,CC[N+](C)(CC)CCOC(=O)C(C1CCCCC1)(C2=CC=CC=C2)O,0
1069,pyridoxal phosphate,CC1=NC=C(C(=C1O)C=O)COP(=O)(O)O,0
1070,aminoglutethimide,CCC1(CCC(=O)NC1=O)C2=CC=C(C=C2)N,0
1071,tetracaine,CCCCNC1=CC=C(C=C1)C(=O)OCCN(C)C,0
1072,miconazole,C1=CC(=C(C=C1Cl)Cl)COC(CN2C=CN=C2)C3=C(C=C(C=C3)Cl)Cl,0
1073,lindane,C1(C(C(C(C(C1Cl)Cl)Cl)Cl)Cl)Cl,0
1074,astemizole,COC1=CC=C(C=C1)CCN2CCC(CC2)NC3=NC4=CC=CC=C4N3CC5=CC=C(C=C5)F,0
1075,ciclopirox,CC1=CC(=O)N(C(=C1)C2CCCCC2)O,0
1076,pinacidil,CC(C(C)(C)C)N=C(NC#N)NC1=CC=NC=C1,0
1077,terfenadine,CC(C)(C)C1=CC=C(C=C1)C(CCCN2CCC(CC2)C(C3=CC=CC=C3)(C4=CC=CC=C4)O)O,0
1078,methoxamine,CC(C(C1=C(C=CC(=C1)OC)OC)O)N,0
1079,beclomethasone,CC1CC2C3CCC4=CC(=O)C=CC4(C3(C(CC2(C1(C(=O)CO)O)C)O)Cl)C,0
1080,vidarabine,C1=NC(=C2C(=N1)N(C=N2)C3C(C(C(O3)CO)O)O)N,0
1081,bezafibrate,CC(C)(C(=O)O)OC1=CC=C(C=C1)CCNC(=O)C2=CC=C(C=C2)Cl,0
1082,bambuterol,CC(C)(C)NCC(C1=CC(=CC(=C1)OC(=O)N(C)C)OC(=O)N(C)C)O,0
1083,gallamine triethiodide,CC[N+](CC)(CC)CCOC1=C(C(=CC=C1)OCC[N+](CC)(CC)CC)OCC[N+](CC)(CC)CC.[I-].[I-].[I-],0
1084,melatonin,CC(=O)NCCC1=CNC2=C1C=C(C=C2)OC,0
1085,nocodazole,COC(=O)NC1=NC2=C(N1)C=C(C=C2)C(=O)C3=CC=CS3,0
1086,zomepirac,CC1=C(N(C(=C1)CC(=O)O)C)C(=O)C2=CC=C(C=C2)Cl,0
1087,alloxan,C1(=O)C(=O)NC(=O)NC1=O,0
1088,pargyline,CN(CC#C)CC1=CC=CC=C1,0
1089,probucol,CC(C)(C)C1=CC(=CC(=C1O)C(C)(C)C)SC(C)(C)SC2=CC(=C(C(=C2)C(C)(C)C)O)C(C)(C)C,0
1090,lactose,C(C1C(C(C(C(O1)OC2C(OC(C(C2O)O)O)CO)O)O)O)O,0
1091,anileridine,CCOC(=O)C1(CCN(CC1)CCC2=CC=C(C=C2)N)C3=CC=CC=C3,0
1092,citicoline,C[N+](C)(C)CCOP(=O)([O-])OP(=O)(O)OCC1C(C(C(O1)N2C=CC(=NC2=O)N)O)O,0
1093,mometasone,CC1CC2C3CCC4=CC(=O)C=CC4(C3(C(CC2(C1(C(=O)CCl)O)C)O)Cl)C,0
1094,capsaicin,CC(C)C=CCCCCC(=O)NCC1=CC(=C(C=C1)O)OC,0
1095,ergonovine,CC(CO)NC(=O)C1CN(C2CC3=CNC4=CC=CC(=C34)C2=C1)C,0
1096,econazole,C1=CC(=CC=C1COC(CN2C=CN=C2)C3=C(C=C(C=C3)Cl)Cl)Cl,0
1097,sulconazole nitrate,C1=CC(=CC=C1CSC(CN2C=CN=C2)C3=C(C=C(C=C3)Cl)Cl)Cl.[N+](=O)(O)[O-],0
1098,sulfabenzamide,C1=CC=C(C=C1)C(=O)NS(=O)(=O)C2=CC=C(C=C2)N,0
1099,cephapirin,CC(=O)OCC1=C(N2C(C(C2=O)NC(=O)CSC3=CC=NC=C3)SC1)C(=O)O,0
1100,azlocillin,CC1(C(N2C(S1)C(C2=O)NC(=O)C(C3=CC=CC=C3)NC(=O)N4CCNC4=O)C(=O)O)C,0
1101,butoconazole,C1=CC(=C(C(=C1)Cl)SC(CCC2=CC=C(C=C2)Cl)CN3C=CN=C3)Cl,0
1102,mibefradil,CC(C)C1C2=C(CCC1(CCN(C)CCCC3=NC4=CC=CC=C4N3)OC(=O)COC)C=C(C=C2)F,0
1103,ragaglitazar,CCOC(CC1=CC=C(C=C1)OCCN2C3=CC=CC=C3OC4=CC=CC=C42)C(=O)O,0
1104,bismuth subsalicylate,C1=CC=C2C(=C1)C(=O)O[Bi]O2.O,0
1105,isoxicam,CC1=CC(=NO1)NC(=O)C2=C(C3=CC=CC=C3S(=O)(=O)N2C)O,0
1106,inositol,C1(C(C(C(C(C1O)O)O)O)O)O,0
1107,latamoxef,CN1C(=NN=N1)SCC2=C(N3C(C(C3=O)(NC(=O)C(C4=CC=C(C=C4)O)C(=O)O)OC)OC2)C(=O)O,0
1108,Abiraterone,CC12CCC(CC1=CCC3C2CCC4(C3CC=C4C5=CN=CC=C5)C)O,1
1109,Acetorphan,CC(=O)SCC(CC1=CC=CC=C1)C(=O)NCC(=O)OCC2=CC=CC=C2,1
1110,Alfacalcidol,CC(C)CCCC(C)C1CCC2C1(CCCC2=CC=C3CC(CC(C3=C)O)O)C,1
1111,Ambroxol,C1CC(CCC1NCC2=C(C(=CC(=C2)Br)Br)N)O,1
1112,Aminolevulinic acid,C(CC(=O)O)C(=O)CN,1
1113,Amisulpride,CCN1CCCC1CNC(=O)C2=CC(=C(C=C2OC)N)S(=O)(=O)CC,1
1114,Ampiroxicam,CCOC(=O)OC(C)OC1=C(N(S(=O)(=O)C2=CC=CC=C21)C)C(=O)NC3=CC=CC=N3,1
1115,Anethole,CC=CC1=CC=C(C=C1)OC,1
1116,Arbekacin,C1CC(C(OC1CN)OC2C(CC(C(C2O)OC3C(C(C(C(O3)CO)O)N)O)NC(=O)C(CCN)O)N)N,1
1117,Axitinib,CNC(=O)C1=CC=CC=C1SC2=CC3=C(C=C2)C(=NN3)C=CC4=CC=CC=N4,1
1118,Azelnidipine,CC1=C(C(C(=C(N1)N)C(=O)OC2CN(C2)C(C3=CC=CC=C3)C4=CC=CC=C4)C5=CC(=CC=C5)[N+](=O)[O-])C(=O)OC(C)C,1
1119,Bacampicillin,CCOC(=O)OC(C)OC(=O)C1C(SC2N1C(=O)C2NC(=O)C(C3=CC=CC=C3)N)(C)C,1
1120,Benidipine,CC1=C(C(C(=C(N1)C)C(=O)OC2CCCN(C2)CC3=CC=CC=C3)C4=CC(=CC=C4)[N+](=O)[O-])C(=O)OC,1
1121,Beraprost,CC#CCC(C)C(C=CC1C(CC2C1C3=CC=CC(=C3O2)CCCC(=O)O)O)O,1
1122,Boceprevir,CC1(C2C1C(N(C2)C(=O)C(C(C)(C)C)NC(=O)NC(C)(C)C)C(=O)NC(CC3CCC3)C(=O)C(=O)N)C,1
1123,Bromazepam,C1C(=O)NC2=C(C=C(C=C2)Br)C(=N1)C3=CC=CC=N3,1
1124,Bromhexine,CN(CC1=C(C(=CC(=C1)Br)Br)N)C2CCCCC2,1
1125,Bromisoval,CC(C)C(C(=O)NC(=O)N)Br,1
1126,Brotizolam,CC1=NN=C2N1C3=C(C=C(S3)Br)C(=NC2)C4=CC=CC=C4Cl,1
1127,Bucillamine,CC(C)(C(=O)NC(CS)C(=O)O)S,1
1128,Buflomedil,COC1=CC(=C(C(=C1)OC)C(=O)CCCN2CCCC2)OC,1
1129,Buprenorphine,CC(C)(C)C(C)(C1CC23CCC1(C4C25CCN(C3CC6=C5C(=C(C=C6)O)O4)CC7CC7)OC)O,1
1130,Cabazitaxel,CC1=C2C(C(=O)C3(C(CC4C(C3C(C(C2(C)C)(CC1OC(=O)C(C(C5=CC=CC=C5)NC(=O)OC(C)(C)C)O)O)OC(=O)C6=CC=CC=C6)(CO4)OC(=O)C)OC)C)OC,1
1131,Cefcapene,CCC=C(C1=CSC(=N1)N)C(=O)NC2C3N(C2=O)C(=C(CS3)COC(=O)N)C(=O)O,1
1132,Cefmetazole,CN1C(=NN=N1)SCC2=C(N3C(C(C3=O)(NC(=O)CSCC#N)OC)SC2)C(=O)O,1
1133,Cefozopran,CON=C(C1=NSC(=N1)N)C(=O)NC2C3N(C2=O)C(=C(CS3)C[N+]4=C5C=CC=NN5C=C4)C(=O)[O-],1
1134,Cefpirome,CON=C(C1=CSC(=N1)N)C(=O)NC2C3N(C2=O)C(=C(CS3)C[N+]4=CC=CC5=C4CCC5)C(=O)[O-],1
1135,Celiprolol,CCN(CC)C(=O)NC1=CC(=C(C=C1)OCC(CNC(C)(C)C)O)C(=O)C,1
1136,Chlormadinone,CC(=O)C1(CCC2C1(CCC3C2C=C(C4=CC(=O)CCC34C)Cl)C)O,1
1137,Cibenzoline,C1CN=C(N1)C2CC2(C3=CC=CC=C3)C4=CC=CC=C4,1
1138,Cilnidipine,CC1=C(C(C(=C(N1)C)C(=O)OCC=CC2=CC=CC=C2)C3=CC(=CC=C3)[N+](=O)[O-])C(=O)OCCOC,1
1139,Clobazam,CN1C(=O)CC(=O)N(C2=C1C=CC(=C2)Cl)C3=CC=CC=C3,1
1140,Clobetasol,CC1CC2C3CCC4=CC(=O)C=CC4(C3(C(CC2(C1(C(=O)CCl)O)C)O)F)C,1
1141,Clodronic acid,C(P(=O)(O)O)(P(=O)(O)O)(Cl)Cl,1
1142,Clofazimine,CC(C)N=C1C=C2C(=NC3=CC=CC=C3N2C4=CC=C(C=C4)Cl)C=C1NC5=CC=C(C=C5)Cl,1
1143,Cloperastine,C1CCN(CC1)CCOC(C2=CC=CC=C2)C3=CC=C(C=C3)Cl,1
1144,Crizotinib,CC(C1=C(C=CC(=C1Cl)F)Cl)OC2=C(N=CC(=C2)C3=CN(N=C3)C4CCNCC4)N,1
1145,Curcumin,COC1=C(C=CC(=C1)C=CC(=O)CC(=O)C=CC2=CC(=C(C=C2)O)OC)O,1
1146,Cyamemazine,CC(CN1C2=CC=CC=C2SC3=C1C=C(C=C3)C#N)CN(C)C,1
1147,Cyclothiazide,C1C2CC(C1C=C2)C3NC4=CC(=C(C=C4S(=O)(=O)N3)S(=O)(=O)N)Cl,1
1148,Desogestrel,CCC12CC(=C)C3C(C1CCC2(C#C)O)CCC4=CCCCC34,1
1149,Diacerein,CC(=O)OC1=CC=CC2=C1C(=O)C3=C(C2=O)C=C(C=C3OC(=O)C)C(=O)O,1
1150,Dihydrocodeine,CN1CCC23C4C1CC5=C2C(=C(C=C5)OC)OC3C(CC4)O,1
1151,Dirithromycin,CCC1C(C2C(C(C(CC(C(C(C(C(C(=O)O1)C)OC3CC(C(C(O3)C)O)(C)OC)C)OC4C(C(CC(O4)C)N(C)C)O)(C)O)C)NC(O2)COCCOC)C)(C)O,1
1152,Domperidone,C1CN(CCC1N2C3=C(C=C(C=C3)Cl)NC2=O)CCCN4C5=CC=CC=C5NC4=O,1
1153,Doxifluridine,CC1C(C(C(O1)N2C=C(C(=O)NC2=O)F)O)O,1
1154,Droxidopa,C1=CC(=C(C=C1C(C(C(=O)O)N)O)O)O,1
1155,Dydrogesterone,CC(=O)C1CCC2C1(CCC3C2C=CC4=CC(=O)CCC34C)C,1
1156,Edaravone,CC1=NN(C(=O)C1)C2=CC=CC=C2,1
1157,Eltrombopag,CC1=C(C=C(C=C1)N2C(=O)C(=C(N2)C)N=NC3=CC=CC(=C3O)C4=CC(=CC=C4)C(=O)O)C,1
1158,Eperisone,CCC1=CC=C(C=C1)C(=O)C(C)CN2CCCCC2,1
1159,Epinastine,C1C2C3=CC=CC=C3CC4=CC=CC=C4N2C(=N1)N,1
1160,Eribulin Mesylate,CC1CC2CCC3C(=C)CC(O3)CCC45CC6C(O4)C7C(O6)C(O5)C8C(O7)CCC(O8)CC(=O)CC9C(CC(C1=C)O2)OC(C9OC)CC(CN)O.CS(=O)(=O)O,1
1161,Ethanol,CCO,1
1162,Ethyl loflazepate,CCOC(=O)C1C(=O)NC2=C(C=C(C=C2)Cl)C(=N1)C3=CC=CC=C3F,1
1163,Ethylene glycol,C(CO)O,1
1164,Etizolam,CCC1=CC2=C(S1)N3C(=NN=C3CN=C2C4=CC=CC=C4Cl)C,1
1165,Etoricoxib,CC1=NC=C(C=C1)C2=C(C=C(C=N2)Cl)C3=CC=C(C=C3)S(=O)(=O)C,1
1166,Flomoxef,COC1(C2N(C1=O)C(=C(CO2)CSC3=NN=NN3CCO)C(=O)O)NC(=O)CSC(F)F,1
1167,Fluindione,C1=CC=C2C(=C1)C(=O)C(C2=O)C3=CC=C(C=C3)F,1
1168,Flunitrazepam,CN1C(=O)CN=C(C2=C1C=CC(=C2)[N+](=O)[O-])C3=CC=CC=C3F,1
1169,Flupirtine,CCOC(=O)NC1=C(N=C(C=C1)NCC2=CC=C(C=C2)F)N,1
1170,Fominoben,CN(CC1=C(C=CC=C1Cl)NC(=O)C2=CC=CC=C2)CC(=O)N3CCOCC3,1
1171,Fosfluconazole,C1=CC(=C(C=C1F)F)C(CN2C=NC=N2)(CN3C=NC=N3)OP(=O)(O)O,1
1172,Fudosteine,C(CO)CSCC(C(=O)O)N,1
1173,Gabapentin Enacarbil,CC(C)C(=O)OC(C)OC(=O)NCC1(CCCCC1)CC(=O)O,1
1174,Gabexate,CCOC(=O)C1=CC=C(C=C1)OC(=O)CCCCCN=C(N)N,1
1175,Garenoxacin,CC1C2=C(CN1)C=C(C=C2)C3=C(C4=C(C=C3)C(=O)C(=CN4C5CC5)C(=O)O)OC(F)F,1
1176,Glutathione,C(CC(=O)NC(CS)C(=O)NCC(=O)O)C(C(=O)O)N,1
1177,Glycerol,C(C(CO)O)O,1
1178,Glycyrrhizin,CC1(C2CCC3(C(C2(CCC1OC4C(C(C(C(O4)C(=O)O)O)O)OC5C(C(C(C(O5)C(=O)O)O)O)O)C)C(=O)C=C6C3(CCC7(C6CC(CC7)(C)C(=O)O)C)C)C)C,1
1179,Halofantrine,CCCCN(CCCC)CCC(C1=C2C=CC(=CC2=C3C=C(C=C(C3=C1)Cl)Cl)C(F)(F)F)O,1
1180,Heptaminol,CC(CCCC(C)(C)O)N,1
1181,Hypericin,CC1=CC(=O)C2=C(C3=C(C=C(C4=C3C5=C2C1=C6C(=CC(=O)C7=C(C8=C(C=C(C4=C8C5=C67)O)O)O)C)O)O)O,1
1182,Ibudilast,CC(C)C1=NN2C=CC=CC2=C1C(=O)C(C)C,1
1183,Iloprost,CC#CCC(C)C(C=CC1C(CC2C1CC(=CCCCC(=O)O)C2)O)O,1
1184,Irsogladine,C1=CC(=C(C=C1Cl)C2=NC(=NC(=N2)N)N)Cl,1
1185,Isepamicin,CC1(COC(C(C1NC)O)OC2C(CC(C(C2O)OC3C(C(C(C(O3)CN)O)O)O)N)NC(=O)C(CN)O)O,1
1186,Isosorbide,C1C(C2C(O1)C(CO2)O)O,1
1187,Itopride,CN(C)CCOC1=CC=C(C=C1)CNC(=O)C2=CC(=C(C=C2)OC)OC,1
1188,Lafutidine,C1CCN(CC1)CC2=CC(=NC=C2)OCC=CCNC(=O)CS(=O)CC3=CC=CO3,1
1189,Lanreotide,CC(C)C1C(=O)NC(CSSCC(C(=O)NC(C(=O)NC(C(=O)NC(C(=O)N1)CCCCN)CC2=CNC3=CC=CC=C32)CC4=CC=C(C=C4)O)NC(=O)C(CC5=CC6=CC=CC=C6C=C5)N)C(=O)NC(C(C)O)C(=O)N,1
1190,Lercanidipine,CC1=C(C(C(=C(N1)C)C(=O)OC(C)(C)CN(C)CCC(C2=CC=CC=C2)C3=CC=CC=C3)C4=CC(=CC=C4)[N+](=O)[O-])C(=O)OC,1
1191,Levocetirizine,C1CN(CCN1CCOCC(=O)O)C(C2=CC=CC=C2)C3=CC=C(C=C3)Cl,1
1192,Lodenosine,C1C(OC(C1F)N2C=NC3=C(N=CN=C32)N)CO,1
1193,Lormetazepam,CN1C2=C(C=C(C=C2)Cl)C(=NC(C1=O)O)C3=CC=CC=C3Cl,1
1194,Lornoxicam,CN1C(=C(C2=C(S1(=O)=O)C=C(S2)Cl)O)C(=O)NC3=CC=CC=N3,1
1195,Loxoprofen,CC(C1=CC=C(C=C1)CC2CCCC2=O)C(=O)O,1
1196,Manidipine,CC1=C(C(C(=C(N1)C)C(=O)OCCN2CCN(CC2)C(C3=CC=CC=C3)C4=CC=CC=C4)C5=CC(=CC=C5)[N+](=O)[O-])C(=O)OC,1
1197,Mazindol,C1CN2C(=N1)C3=CC=CC=C3C2(C4=CC=C(C=C4)Cl)O,1
1198,Menatetrenone,CC1=C(C(=O)C2=CC=CC=C2C1=O)CC=C(C)CCC=C(C)CCC=C(C)CCC=C(C)C,1
1199,Mequitazine,C1CN2CCC1C(C2)CN3C4=CC=CC=C4SC5=CC=CC=C53,1
1200,Metopimazine,CS(=O)(=O)C1=CC2=C(C=C1)SC3=CC=CC=C3N2CCCN4CCC(CC4)C(=O)N,1
1201,Mitiglinide,C1CCC2CN(CC2C1)C(=O)CC(CC3=CC=CC=C3)C(=O)O,1
1202,Mizoribine,C1=NC(=C(N1C2C(C(C(O2)CO)O)O)O)C(=O)N,1
1203,Molsidomine,CCOC(=NC1=C[N+](=NO1)N2CCOCC2)[O-],1
1204,Mosapride,CCOC1=CC(=C(C=C1C(=O)NCC2CN(CCO2)CC3=CC=C(C=C3)F)Cl)N,1
1205,Moxonidine,CC1=NC(=C(C(=N1)Cl)NC2=NCCN2)OC,1
1206,Nafamostat,C1=CC(=CC=C1C(=O)OC2=CC3=C(C=C2)C=C(C=C3)C(=N)N)N=C(N)N,1
1207,Naftidrofuryl,CCN(CC)CCOC(=O)C(CC1CCCO1)CC2=CC=CC3=CC=CC=C32,1
1208,Nandrolone,CC12CCC3C(C1CCC2O)CCC4=CC(=O)CCC34,1
1209,Nefopam,CN1CCOC(C2=CC=CC=C2C1)C3=CC=CC=C3,1
1210,Netilmicin,CCNC1CC(C(C(C1OC2C(C(C(CO2)(C)O)NC)O)O)OC3C(CC=C(O3)CN)N)N,1
1211,Nicergoline,CN1CC(CC2(C1CC3=CN(C4=CC=CC2=C34)C)OC)COC(=O)C5=CC(=CN=C5)Br,1
1212,Nicorandil,C1=CC(=CN=C1)C(=O)NCCO[N+](=O)[O-],1
1213,Nitrazepam,C1C(=O)NC2=C(C=C(C=C2)[N+](=O)[O-])C(=N1)C3=CC=CC=C3,1
1214,Nitrendipine,CCOC(=O)C1=C(NC(=C(C1C2=CC(=CC=C2)[N+](=O)[O-])C(=O)OC)C)C,1
1215,Nordazepam,C1C(=O)NC2=C(C=C(C=C2)Cl)C(=N1)C3=CC=CC=C3,1
1216,Norethisterone,CC12CCC3C(C1CCC2(C#C)O)CCC4=CC(=O)CCC34,1
1217,Olopatadine,CN(C)CCC=C1C2=CC=CC=C2COC3=C1C=C(C=C3)CC(=O)O,1
1218,Oxatomide,C1CN(CCN1CCCN2C3=CC=CC=C3NC2=O)C(C4=CC=CC=C4)C5=CC=CC=C5,1
1219,Oxyphenbutazone,CCCCC1C(=O)N(N(C1=O)C2=CC=C(C=C2)O)C3=CC=CC=C3,1
1220,Ozagrel,C1=CC(=CC=C1CN2C=CN=C2)C=CC(=O)O,1
1221,Pazufloxacin,CC1COC2=C3N1C=C(C(=O)C3=CC(=C2C4(CC4)N)F)C(=O)O,1
1222,Peramivir,CCC(CC)C(C1C(CC(C1O)C(=O)O)N=C(N)N)NC(=O)C,1
1223,Phenformin,C1=CC=C(C=C1)CCN=C(N)N=C(N)N,1
1224,Phenprocoumon,CCC(C1=CC=CC=C1)C2=C(C3=CC=CC=C3OC2=O)O,1
1225,Phenylephrine,CNCC(C1=CC(=CC=C1)O)O,1
1226,Phloroglucinol,C1=C(C=C(C=C1O)O)O,1
1227,Picolamine,C1=CC(=CN=C1)CN,1
1228,Pilsicainide,CC1=C(C(=CC=C1)C)NC(=O)CC23CCCN2CCC3,1
1229,Pimecrolimus,CCC1C=C(CC(CC(C2C(CC(C(O2)(C(=O)C(=O)N3CCCCC3C(=O)OC(C(C(CC1=O)O)C)C(=CC4CCC(C(C4)OC)Cl)C)O)C)OC)OC)C)C,1
1230,Pinaverium,CC1(C2CCC(C1C2)CCOCC[N+]3(CCOCC3)CC4=CC(=C(C=C4Br)OC)OC)C,1
1231,Piperacetazine,CC(=O)C1=CC2=C(C=C1)SC3=CC=CC=C3N2CCCN4CCC(CC4)CCO,1
1232,Pipobroman,C1CN(CCN1C(=O)CCBr)C(=O)CCBr,1
1233,Piracetam,C1CC(=O)N(C1)CC(=O)N,1
1234,Pirarubicin,CC1C(C(CC(O1)OC2CC(CC3=C2C(=C4C(=C3O)C(=O)C5=C(C4=O)C(=CC=C5)OC)O)(C(=O)CO)O)N)OC6CCCCO6,1
1235,Pranlukast,C1=CC=C(C=C1)CCCCOC2=CC=C(C=C2)C(=O)NC3=CC=CC4=C3OC(=CC4=O)C5=NNN=N5,1
1236,Pranoprofen,CC(C1=CC2=C(C=C1)OC3=C(C2)C=CC=N3)C(=O)O,1
1237,Prazepam,C1CC1CN2C(=O)CN=C(C3=C2C=CC(=C3)Cl)C4=CC=CC=C4,1
1238,Propacetamol,CCN(CC)CC(=O)OC1=CC=C(C=C1)NC(=O)C,1
1239,Propiverine,CCCOC(C1=CC=CC=C1)(C2=CC=CC=C2)C(=O)OC3CCN(CC3)C,1
1240,Raltitrexed,CC1=NC2=C(C=C(C=C2)CN(C)C3=CC=C(S3)C(=O)NC(CCC(=O)O)C(=O)O)C(=O)N1,1
1241,Rebamipide,C1=CC=C2C(=C1)C(=CC(=O)N2)CC(C(=O)O)NC(=O)C3=CC=C(C=C3)Cl,1
1242,Rilmenidine,C1CC1C(C2CC2)NC3=NCCO3,1
1243,Rivaroxaban,C1COCC(=O)N1C2=CC=C(C=C2)N3CC(OC3=O)CNC(=O)C4=CC=C(S4)Cl,1
1244,Roxatidine,C1CCN(CC1)CC2=CC(=CC=C2)OCCCNC(=O)CO,1
1245,Salicylic acid,C1=CC=C(C(=C1)C(=O)O)O,1
1246,Sarpogrelate,CN(C)CC(COC1=CC=CC=C1CCC2=CC(=CC=C2)OC)OC(=O)CCC(=O)O,1
1247,Sennoside,C1=CC2=C(C(=C1)OC3C(C(C(C(O3)CO)O)O)O)C(=O)C4=C(C2C5C6=C(C(=CC=C6)OC7C(C(C(C(O7)CO)O)O)O)C(=O)C8=C5C=C(C=C8O)C(=O)O)C=C(C=C4O)C(=O)O,1
1248,Sofalcone,CC(=CCOC1=CC=C(C=C1)C=CC(=O)C2=C(C=C(C=C2)OCC=C(C)C)OCC(=O)O)C,1
1249,Sparfloxacin,CC1CN(CC(N1)C)C2=C(C(=C3C(=C2F)N(C=C(C3=O)C(=O)O)C4CC4)N)F,1
1250,Sulfamethoxazole,CC1=CC(=NO1)NS(=O)(=O)C2=CC=C(C=C2)N,1
1251,Sulpiride,CCN1CCCC1CNC(=O)C2=C(C=CC(=C2)S(=O)(=O)N)OC,1
1252,Suplatast,CCOCC(COC1=CC=C(C=C1)NC(=O)CC[S+](C)C)O,1
1253,Tandospirone,C1CC2CC1C3C2C(=O)N(C3=O)CCCCN4CCN(CC4)C5=NC=CC=N5,1
1254,Telaprevir,CCCC(C(=O)C(=O)NC1CC1)NC(=O)C2C3CCCC3CN2C(=O)C(C(C)(C)C)NC(=O)C(C4CCCCC4)NC(=O)C5=NC=CN=C5,1
1255,Temocapril,CCOC(=O)C(CCC1=CC=CC=C1)NC2CSC(CN(C2=O)CC(=O)O)C3=CC=CS3,1
1256,Teprenone,CC(=CCCC(=CCCC(=CCCC(=CCCC(=O)C)C)C)C)C,1
1257,Tetrazepam,CN1C(=O)CN=C(C2=C1C=CC(=C2)Cl)C3=CCCCC3,1
1258,Theobromine,CN1C=NC2=C1C(=O)NC(=O)N2C,1
1259,Thiocolchicoside,CC(=O)NC1CCC2=CC(=C(C(=C2C3=CC=C(C(=O)C=C13)SC)OC)OC)OC4C(C(C(C(O4)CO)O)O)O,1
1260,Tiapride,CCN(CC)CCNC(=O)C1=C(C=CC(=C1)S(=O)(=O)C)OC,1
1261,Tiaprofenic acid,CC(C1=CC=C(S1)C(=O)C2=CC=CC=C2)C(=O)O,1
1262,Tiquizium,C[N+]12CCCCC1CCC(=C(C3=CC=CS3)C4=CC=CS4)C2,1
1263,Tocainide,CC1=C(C(=CC=C1)C)NC(=O)C(C)N,1
1264,Trabectedin,CC1=CC2=C(C3C4C5C6=C(C(=C7C(=C6C(N4C(C(C2)N3C)O)COC(=O)C8(CS5)C9=CC(=C(C=C9CCN8)O)OC)OCO7)C)OC(=O)C)C(=C1OC)O,1
1265,Tranilast,COC1=C(C=C(C=C1)C=CC(=O)NC2=CC=CC=C2C(=O)O)OC,1
1266,Trapidil,CCN(CC)C1=CC(=NC2=NC=NN12)C,1
1267,Trichlormethiazide,C1=C2C(=CC(=C1Cl)S(=O)(=O)N)S(=O)(=O)NC(N2)C(Cl)Cl,1
1268,Trimebutine,CCC(COC(=O)C1=CC(=C(C(=C1)OC)OC)OC)(C2=CC=CC=C2)N(C)C,1
1269,Trimetazidine,COC1=C(C(=C(C=C1)CN2CCNCC2)OC)OC,1
1270,Tropatepine,CN1C2CCC1CC(=C3C4=CC=CC=C4CSC5=CC=CC=C53)C2,1
1271,Troxipide,COC1=CC(=CC(=C1OC)OC)C(=O)NC2CCCNC2,1
1272,Urapidil,CN1C(=CC(=O)N(C1=O)C)NCCCN2CCN(CC2)C3=CC=CC=C3OC,1
1273,Valpromide,CCCC(CCC)C(=O)N,1
1274,Vemurafenib,CCCS(=O)(=O)NC1=C(C(=C(C=C1)F)C(=O)C2=CNC3=C2C=C(C=N3)C4=CC=C(C=C4)Cl)F,1
1275,Vindesine,CCC1(CC2CC(C3=C(CCN(C2)C1)C4=CC=CC=C4N3)(C5=C(C=C6C(=C5)C78CCN9C7C(C=CC9)(C(C(C8N6C)(C(=O)N)O)O)CC)OC)C(=O)OC)O,1
1276,Voglibose,C1C(C(C(C(C1(CO)O)O)O)O)NC(CO)CO,1
1277,Xylometazoline,CC1=CC(=CC(=C1CC2=NCCN2)C)C(C)(C)C,1
1278,Zaltoprofen,CC(C1=CC2=C(C=C1)SC3=CC=CC=C3C(=O)C2)C(=O)O,1
1279,Zopiclone,CN1CCN(CC1)C(=O)OC2C3=NC=CN=C3C(=O)N2C4=NC=C(C=C4)Cl,1
